,run,agentID,other,other_thief,other_suspect,other_cs,other_alib
0,0,0,0,1,1,0,0
1,0,0,1,0,0,0,0
2,0,0,2,0,0,0,0
3,0,0,3,0,0,0,0
4,0,0,4,0,0,0,0
5,0,0,5,0,0,0,0
6,0,0,6,0,0,0,0
7,0,0,7,0,0,0,0
8,0,0,8,0,0,0,0
9,0,0,9,0,0,0,0
10,0,1,0,1,1,0,0
11,0,1,1,0,0,0,0
12,0,1,2,0,0,0,0
13,0,1,3,0,0,0,0
14,0,1,4,0,0,0,0
15,0,1,5,0,0,0,0
16,0,1,6,0,0,0,0
17,0,1,7,0,0,0,0
18,0,1,8,0,0,0,0
19,0,1,9,0,0,0,0
20,0,2,0,1,1,0,0
21,0,2,1,0,0,0,0
22,0,2,2,0,0,0,0
23,0,2,3,0,0,0,0
24,0,2,4,0,0,0,0
25,0,2,5,0,0,0,0
26,0,2,6,0,0,0,0
27,0,2,7,0,0,0,0
28,0,2,8,0,0,0,0
29,0,2,9,0,0,0,0
30,0,3,0,1,1,0,0
31,0,3,1,0,0,0,0
32,0,3,2,0,0,0,0
33,0,3,3,0,0,0,0
34,0,3,4,0,0,0,0
35,0,3,5,0,0,0,0
36,0,3,6,0,0,0,0
37,0,3,7,0,0,0,0
38,0,3,8,0,0,0,0
39,0,3,9,0,0,0,0
40,0,4,0,1,1,0,0
41,0,4,1,0,0,0,0
42,0,4,2,0,0,0,0
43,0,4,3,0,0,0,0
44,0,4,4,0,0,0,0
45,0,4,5,0,0,0,0
46,0,4,6,0,0,0,0
47,0,4,7,0,0,0,0
48,0,4,8,0,0,0,0
49,0,4,9,0,0,0,0
50,0,5,0,1,1,0,0
51,0,5,1,0,0,0,0
52,0,5,2,0,0,0,0
53,0,5,3,0,0,0,0
54,0,5,4,0,0,0,0
55,0,5,5,0,0,0,0
56,0,5,6,0,0,0,0
57,0,5,7,0,0,0,0
58,0,5,8,0,0,0,0
59,0,5,9,0,0,0,0
60,0,6,0,1,1,0,0
61,0,6,1,0,0,0,0
62,0,6,2,0,0,0,0
63,0,6,3,0,0,0,0
64,0,6,4,0,0,0,0
65,0,6,5,0,0,0,0
66,0,6,6,0,0,0,0
67,0,6,7,0,0,0,0
68,0,6,8,0,0,0,0
69,0,6,9,0,0,0,0
70,0,7,0,1,1,0,0
71,0,7,1,0,0,0,0
72,0,7,2,0,0,0,0
73,0,7,3,0,0,0,0
74,0,7,4,0,0,0,0
75,0,7,5,0,0,0,0
76,0,7,6,0,0,0,0
77,0,7,7,0,0,0,0
78,0,7,8,0,0,0,0
79,0,7,9,0,0,0,0
80,0,8,0,1,1,0,0
81,0,8,1,0,0,0,0
82,0,8,2,0,0,0,0
83,0,8,3,0,0,0,0
84,0,8,4,0,0,0,0
85,0,8,5,0,0,0,0
86,0,8,6,0,0,0,0
87,0,8,7,0,0,0,0
88,0,8,8,0,0,0,0
89,0,8,9,0,0,0,0
90,0,9,0,1,1,0,0
91,0,9,1,0,0,0,0
92,0,9,2,0,0,0,0
93,0,9,3,0,0,0,0
94,0,9,4,0,0,0,0
95,0,9,5,0,0,0,0
96,0,9,6,0,0,0,0
97,0,9,7,0,0,0,0
98,0,9,8,0,0,0,0
99,0,9,9,0,0,0,0
0,1,0,0,1,1,0,0
1,1,0,1,0,0,1,1
2,1,0,2,0,0,1,1
3,1,0,3,0,0,1,1
4,1,0,4,0,0,0,0
5,1,0,5,0,0,0,0
6,1,0,6,0,0,0,1
7,1,0,7,0,0,1,0
8,1,0,8,0,0,0,0
9,1,0,9,0,0,0,0
10,1,1,0,1,1,0,0
11,1,1,1,0,0,0,0
12,1,1,2,0,0,0,0
13,1,1,3,0,0,1,0
14,1,1,4,0,0,0,0
15,1,1,5,0,0,0,0
16,1,1,6,0,0,0,0
17,1,1,7,0,0,1,0
18,1,1,8,0,0,0,0
19,1,1,9,0,0,0,0
20,1,2,0,1,1,0,0
21,1,2,1,0,0,0,0
22,1,2,2,0,0,0,0
23,1,2,3,0,0,1,0
24,1,2,4,0,0,0,0
25,1,2,5,0,0,0,0
26,1,2,6,0,0,0,0
27,1,2,7,0,0,1,0
28,1,2,8,0,0,0,0
29,1,2,9,0,0,0,0
30,1,3,0,1,1,1,1
31,1,3,1,0,0,0,0
32,1,3,2,0,0,0,0
33,1,3,3,0,0,0,0
34,1,3,4,0,0,0,1
35,1,3,5,0,0,0,0
36,1,3,6,0,0,0,1
37,1,3,7,0,0,1,0
38,1,3,8,0,0,0,0
39,1,3,9,0,0,0,1
40,1,4,0,1,1,0,0
41,1,4,1,0,0,0,0
42,1,4,2,0,0,0,0
43,1,4,3,0,0,1,0
44,1,4,4,0,0,0,0
45,1,4,5,0,0,0,0
46,1,4,6,0,0,0,0
47,1,4,7,0,0,1,0
48,1,4,8,0,0,0,0
49,1,4,9,0,0,0,0
50,1,5,0,1,1,0,0
51,1,5,1,0,0,0,0
52,1,5,2,0,0,0,0
53,1,5,3,0,0,0,0
54,1,5,4,0,0,0,0
55,1,5,5,0,0,0,0
56,1,5,6,0,0,0,0
57,1,5,7,0,0,0,0
58,1,5,8,0,0,0,0
59,1,5,9,0,0,0,0
60,1,6,0,1,1,0,1
61,1,6,1,0,0,0,0
62,1,6,2,0,0,0,0
63,1,6,3,0,0,0,0
64,1,6,4,0,0,0,0
65,1,6,5,0,0,0,0
66,1,6,6,0,0,0,0
67,1,6,7,0,0,1,0
68,1,6,8,0,0,0,0
69,1,6,9,0,0,0,0
70,1,7,0,1,1,0,0
71,1,7,1,0,0,0,0
72,1,7,2,0,0,0,0
73,1,7,3,0,0,0,0
74,1,7,4,0,0,0,0
75,1,7,5,0,0,0,0
76,1,7,6,0,0,0,0
77,1,7,7,0,0,0,0
78,1,7,8,0,0,0,0
79,1,7,9,0,0,0,0
80,1,8,0,1,1,0,0
81,1,8,1,0,0,0,0
82,1,8,2,0,0,0,0
83,1,8,3,0,0,0,0
84,1,8,4,0,0,0,0
85,1,8,5,0,0,0,0
86,1,8,6,0,0,0,0
87,1,8,7,0,0,0,0
88,1,8,8,0,0,0,0
89,1,8,9,0,0,0,0
90,1,9,0,1,1,0,0
91,1,9,1,0,0,0,0
92,1,9,2,0,0,0,0
93,1,9,3,0,0,0,0
94,1,9,4,0,0,0,0
95,1,9,5,0,0,0,0
96,1,9,6,0,0,0,0
97,1,9,7,0,0,0,0
98,1,9,8,0,0,0,0
99,1,9,9,0,0,0,0
0,2,0,0,1,1,0,0
1,2,0,1,0,0,0,0
2,2,0,2,0,0,0,0
3,2,0,3,0,0,0,0
4,2,0,4,0,0,0,0
5,2,0,5,0,0,0,0
6,2,0,6,0,0,0,0
7,2,0,7,0,0,0,0
8,2,0,8,0,0,0,0
9,2,0,9,0,0,0,0
10,2,1,0,1,1,0,0
11,2,1,1,0,0,0,0
12,2,1,2,0,0,0,0
13,2,1,3,0,0,0,0
14,2,1,4,0,0,0,0
15,2,1,5,0,0,0,0
16,2,1,6,0,0,0,0
17,2,1,7,0,0,0,0
18,2,1,8,0,0,0,0
19,2,1,9,0,0,0,0
20,2,2,0,1,1,0,0
21,2,2,1,0,0,0,0
22,2,2,2,0,0,0,0
23,2,2,3,0,0,0,0
24,2,2,4,0,0,0,0
25,2,2,5,0,0,0,0
26,2,2,6,0,0,0,0
27,2,2,7,0,0,0,0
28,2,2,8,0,0,0,0
29,2,2,9,0,0,0,0
30,2,3,0,1,1,0,0
31,2,3,1,0,0,0,0
32,2,3,2,0,0,0,0
33,2,3,3,0,0,0,0
34,2,3,4,0,0,0,0
35,2,3,5,0,0,0,0
36,2,3,6,0,0,0,0
37,2,3,7,0,0,0,0
38,2,3,8,0,0,0,0
39,2,3,9,0,0,0,0
40,2,4,0,1,1,0,0
41,2,4,1,0,0,0,0
42,2,4,2,0,0,0,0
43,2,4,3,0,0,0,0
44,2,4,4,0,0,0,0
45,2,4,5,0,0,0,0
46,2,4,6,0,0,0,0
47,2,4,7,0,0,0,0
48,2,4,8,0,0,0,0
49,2,4,9,0,0,0,0
50,2,5,0,1,1,0,0
51,2,5,1,0,0,0,0
52,2,5,2,0,0,0,0
53,2,5,3,0,0,0,0
54,2,5,4,0,0,0,0
55,2,5,5,0,0,0,0
56,2,5,6,0,0,0,0
57,2,5,7,0,0,0,0
58,2,5,8,0,0,0,0
59,2,5,9,0,0,0,0
60,2,6,0,1,1,0,0
61,2,6,1,0,0,0,0
62,2,6,2,0,0,0,0
63,2,6,3,0,0,0,0
64,2,6,4,0,0,0,0
65,2,6,5,0,0,0,0
66,2,6,6,0,0,0,0
67,2,6,7,0,0,0,0
68,2,6,8,0,0,0,0
69,2,6,9,0,0,0,0
70,2,7,0,1,1,0,0
71,2,7,1,0,0,0,0
72,2,7,2,0,0,0,0
73,2,7,3,0,0,0,0
74,2,7,4,0,0,0,0
75,2,7,5,0,0,0,0
76,2,7,6,0,0,0,0
77,2,7,7,0,0,0,0
78,2,7,8,0,0,0,0
79,2,7,9,0,0,0,0
80,2,8,0,1,1,0,0
81,2,8,1,0,0,0,0
82,2,8,2,0,0,0,0
83,2,8,3,0,0,0,0
84,2,8,4,0,0,0,0
85,2,8,5,0,0,0,0
86,2,8,6,0,0,0,0
87,2,8,7,0,0,0,0
88,2,8,8,0,0,0,0
89,2,8,9,0,0,0,0
90,2,9,0,1,1,0,0
91,2,9,1,0,0,0,0
92,2,9,2,0,0,0,0
93,2,9,3,0,0,0,0
94,2,9,4,0,0,0,0
95,2,9,5,0,0,0,0
96,2,9,6,0,0,0,0
97,2,9,7,0,0,0,0
98,2,9,8,0,0,0,0
99,2,9,9,0,0,0,0
0,3,0,0,1,1,0,0
1,3,0,1,0,0,0,0
2,3,0,2,0,0,0,0
3,3,0,3,0,0,0,0
4,3,0,4,0,0,0,0
5,3,0,5,0,0,0,0
6,3,0,6,0,0,0,0
7,3,0,7,0,0,0,0
8,3,0,8,0,0,0,0
9,3,0,9,0,0,0,0
10,3,1,0,1,1,0,0
11,3,1,1,0,0,0,0
12,3,1,2,0,0,0,0
13,3,1,3,0,0,0,0
14,3,1,4,0,0,0,0
15,3,1,5,0,0,0,0
16,3,1,6,0,0,0,0
17,3,1,7,0,0,0,0
18,3,1,8,0,0,0,0
19,3,1,9,0,0,0,0
20,3,2,0,1,1,0,0
21,3,2,1,0,0,0,0
22,3,2,2,0,0,0,0
23,3,2,3,0,0,0,0
24,3,2,4,0,0,0,0
25,3,2,5,0,0,0,0
26,3,2,6,0,0,0,0
27,3,2,7,0,0,0,0
28,3,2,8,0,0,0,0
29,3,2,9,0,0,0,0
30,3,3,0,1,1,0,0
31,3,3,1,0,0,0,0
32,3,3,2,0,0,0,0
33,3,3,3,0,0,0,0
34,3,3,4,0,0,0,0
35,3,3,5,0,0,0,0
36,3,3,6,0,0,0,0
37,3,3,7,0,0,0,0
38,3,3,8,0,0,0,0
39,3,3,9,0,0,0,0
40,3,4,0,1,1,0,0
41,3,4,1,0,0,0,0
42,3,4,2,0,0,0,0
43,3,4,3,0,0,0,0
44,3,4,4,0,0,0,0
45,3,4,5,0,0,0,0
46,3,4,6,0,0,0,0
47,3,4,7,0,0,0,0
48,3,4,8,0,0,0,0
49,3,4,9,0,0,0,0
50,3,5,0,1,1,0,0
51,3,5,1,0,0,0,0
52,3,5,2,0,0,0,0
53,3,5,3,0,0,0,0
54,3,5,4,0,0,0,0
55,3,5,5,0,0,0,0
56,3,5,6,0,0,0,0
57,3,5,7,0,0,0,0
58,3,5,8,0,0,0,0
59,3,5,9,0,0,0,0
60,3,6,0,1,1,0,0
61,3,6,1,0,0,0,0
62,3,6,2,0,0,0,0
63,3,6,3,0,0,0,0
64,3,6,4,0,0,0,0
65,3,6,5,0,0,0,0
66,3,6,6,0,0,0,0
67,3,6,7,0,0,0,0
68,3,6,8,0,0,0,0
69,3,6,9,0,0,0,0
70,3,7,0,1,1,0,0
71,3,7,1,0,0,0,0
72,3,7,2,0,0,0,0
73,3,7,3,0,0,0,0
74,3,7,4,0,0,0,0
75,3,7,5,0,0,0,0
76,3,7,6,0,0,0,0
77,3,7,7,0,0,0,0
78,3,7,8,0,0,0,0
79,3,7,9,0,0,0,0
80,3,8,0,1,1,0,0
81,3,8,1,0,0,0,0
82,3,8,2,0,0,0,0
83,3,8,3,0,0,0,0
84,3,8,4,0,0,0,0
85,3,8,5,0,0,0,0
86,3,8,6,0,0,0,0
87,3,8,7,0,0,0,0
88,3,8,8,0,0,0,0
89,3,8,9,0,0,0,0
90,3,9,0,1,1,0,0
91,3,9,1,0,0,0,0
92,3,9,2,0,0,0,0
93,3,9,3,0,0,0,0
94,3,9,4,0,0,0,0
95,3,9,5,0,0,0,0
96,3,9,6,0,0,0,0
97,3,9,7,0,0,0,0
98,3,9,8,0,0,0,0
99,3,9,9,0,0,0,0
0,4,0,0,1,1,0,0
1,4,0,1,0,0,0,0
2,4,0,2,0,0,0,0
3,4,0,3,0,0,0,0
4,4,0,4,0,0,0,0
5,4,0,5,0,0,0,0
6,4,0,6,0,0,0,0
7,4,0,7,0,0,0,0
8,4,0,8,0,0,0,0
9,4,0,9,0,0,0,0
10,4,1,0,1,1,0,0
11,4,1,1,0,0,0,0
12,4,1,2,0,0,0,0
13,4,1,3,0,0,0,0
14,4,1,4,0,0,0,0
15,4,1,5,0,0,0,0
16,4,1,6,0,0,0,0
17,4,1,7,0,0,0,0
18,4,1,8,0,0,0,0
19,4,1,9,0,0,0,0
20,4,2,0,1,1,0,0
21,4,2,1,0,0,0,0
22,4,2,2,0,0,0,0
23,4,2,3,0,0,0,0
24,4,2,4,0,0,0,0
25,4,2,5,0,0,0,0
26,4,2,6,0,0,0,0
27,4,2,7,0,0,0,0
28,4,2,8,0,0,0,0
29,4,2,9,0,0,0,0
30,4,3,0,1,1,0,0
31,4,3,1,0,0,0,0
32,4,3,2,0,0,0,0
33,4,3,3,0,0,0,0
34,4,3,4,0,0,0,0
35,4,3,5,0,0,0,0
36,4,3,6,0,0,0,0
37,4,3,7,0,0,0,0
38,4,3,8,0,0,0,0
39,4,3,9,0,0,0,0
40,4,4,0,1,1,0,0
41,4,4,1,0,0,0,0
42,4,4,2,0,0,0,0
43,4,4,3,0,0,0,0
44,4,4,4,0,0,0,0
45,4,4,5,0,0,0,0
46,4,4,6,0,0,0,0
47,4,4,7,0,0,0,0
48,4,4,8,0,0,0,0
49,4,4,9,0,0,0,0
50,4,5,0,1,1,0,0
51,4,5,1,0,0,0,0
52,4,5,2,0,0,0,0
53,4,5,3,0,0,0,0
54,4,5,4,0,0,0,0
55,4,5,5,0,0,0,0
56,4,5,6,0,0,0,0
57,4,5,7,0,0,0,0
58,4,5,8,0,0,0,0
59,4,5,9,0,0,0,0
60,4,6,0,1,1,0,0
61,4,6,1,0,0,0,0
62,4,6,2,0,0,0,0
63,4,6,3,0,0,0,0
64,4,6,4,0,0,0,0
65,4,6,5,0,0,0,0
66,4,6,6,0,0,0,0
67,4,6,7,0,0,0,0
68,4,6,8,0,0,0,0
69,4,6,9,0,0,0,0
70,4,7,0,1,1,0,0
71,4,7,1,0,0,0,0
72,4,7,2,0,0,0,0
73,4,7,3,0,0,0,0
74,4,7,4,0,0,0,0
75,4,7,5,0,0,0,0
76,4,7,6,0,0,0,0
77,4,7,7,0,0,0,0
78,4,7,8,0,0,0,0
79,4,7,9,0,0,0,0
80,4,8,0,1,1,0,0
81,4,8,1,0,0,0,0
82,4,8,2,0,0,0,0
83,4,8,3,0,0,0,0
84,4,8,4,0,0,0,0
85,4,8,5,0,0,0,0
86,4,8,6,0,0,0,0
87,4,8,7,0,0,0,0
88,4,8,8,0,0,0,0
89,4,8,9,0,0,0,0
90,4,9,0,1,1,0,0
91,4,9,1,0,0,0,0
92,4,9,2,0,0,0,0
93,4,9,3,0,0,0,0
94,4,9,4,0,0,0,0
95,4,9,5,0,0,0,0
96,4,9,6,0,0,0,0
97,4,9,7,0,0,0,0
98,4,9,8,0,0,0,0
99,4,9,9,0,0,0,0
0,5,0,0,1,1,0,0
1,5,0,1,0,0,0,0
2,5,0,2,0,0,0,0
3,5,0,3,0,0,0,0
4,5,0,4,0,0,0,0
5,5,0,5,0,0,0,0
6,5,0,6,0,0,0,0
7,5,0,7,0,0,0,0
8,5,0,8,0,0,0,0
9,5,0,9,0,0,0,0
10,5,1,0,1,1,0,0
11,5,1,1,0,0,0,0
12,5,1,2,0,0,0,0
13,5,1,3,0,0,0,0
14,5,1,4,0,0,0,0
15,5,1,5,0,0,0,0
16,5,1,6,0,0,0,0
17,5,1,7,0,0,0,0
18,5,1,8,0,0,0,0
19,5,1,9,0,0,0,0
20,5,2,0,1,1,0,0
21,5,2,1,0,0,0,0
22,5,2,2,0,0,0,0
23,5,2,3,0,0,0,0
24,5,2,4,0,0,0,0
25,5,2,5,0,0,0,0
26,5,2,6,0,0,0,0
27,5,2,7,0,0,0,0
28,5,2,8,0,0,0,0
29,5,2,9,0,0,0,0
30,5,3,0,1,1,0,0
31,5,3,1,0,0,0,0
32,5,3,2,0,0,0,0
33,5,3,3,0,0,0,0
34,5,3,4,0,0,0,0
35,5,3,5,0,0,0,0
36,5,3,6,0,0,0,0
37,5,3,7,0,0,0,0
38,5,3,8,0,0,0,0
39,5,3,9,0,0,0,0
40,5,4,0,1,1,0,0
41,5,4,1,0,0,0,0
42,5,4,2,0,0,0,0
43,5,4,3,0,0,0,0
44,5,4,4,0,0,0,0
45,5,4,5,0,0,0,0
46,5,4,6,0,0,0,0
47,5,4,7,0,0,0,0
48,5,4,8,0,0,0,0
49,5,4,9,0,0,0,0
50,5,5,0,1,1,0,0
51,5,5,1,0,0,0,0
52,5,5,2,0,0,0,0
53,5,5,3,0,0,0,0
54,5,5,4,0,0,0,0
55,5,5,5,0,0,0,0
56,5,5,6,0,0,0,0
57,5,5,7,0,0,0,0
58,5,5,8,0,0,0,0
59,5,5,9,0,0,0,0
60,5,6,0,1,1,0,0
61,5,6,1,0,0,0,0
62,5,6,2,0,0,0,0
63,5,6,3,0,0,0,0
64,5,6,4,0,0,0,0
65,5,6,5,0,0,0,0
66,5,6,6,0,0,0,0
67,5,6,7,0,0,0,0
68,5,6,8,0,0,0,0
69,5,6,9,0,0,0,0
70,5,7,0,1,1,0,0
71,5,7,1,0,0,0,0
72,5,7,2,0,0,0,0
73,5,7,3,0,0,0,0
74,5,7,4,0,0,0,0
75,5,7,5,0,0,0,0
76,5,7,6,0,0,0,0
77,5,7,7,0,0,0,0
78,5,7,8,0,0,0,0
79,5,7,9,0,0,0,0
80,5,8,0,1,1,0,0
81,5,8,1,0,0,0,0
82,5,8,2,0,0,0,0
83,5,8,3,0,0,0,0
84,5,8,4,0,0,0,0
85,5,8,5,0,0,0,0
86,5,8,6,0,0,0,0
87,5,8,7,0,0,0,0
88,5,8,8,0,0,0,0
89,5,8,9,0,0,0,0
90,5,9,0,1,1,0,0
91,5,9,1,0,0,0,0
92,5,9,2,0,0,0,0
93,5,9,3,0,0,0,0
94,5,9,4,0,0,0,0
95,5,9,5,0,0,0,0
96,5,9,6,0,0,0,0
97,5,9,7,0,0,0,0
98,5,9,8,0,0,0,0
99,5,9,9,0,0,0,0
0,6,0,0,1,1,0,0
1,6,0,1,0,0,0,0
2,6,0,2,0,0,0,0
3,6,0,3,0,0,0,0
4,6,0,4,0,0,1,0
5,6,0,5,0,0,0,0
6,6,0,6,0,0,0,0
7,6,0,7,0,0,0,0
8,6,0,8,0,0,0,0
9,6,0,9,0,0,0,0
10,6,1,0,1,1,0,0
11,6,1,1,0,0,0,0
12,6,1,2,0,0,0,0
13,6,1,3,0,0,0,0
14,6,1,4,0,0,0,0
15,6,1,5,0,0,0,0
16,6,1,6,0,0,0,0
17,6,1,7,0,0,0,0
18,6,1,8,0,0,0,0
19,6,1,9,0,0,0,0
20,6,2,0,1,1,0,0
21,6,2,1,0,0,0,0
22,6,2,2,0,0,0,0
23,6,2,3,0,0,0,0
24,6,2,4,0,0,0,0
25,6,2,5,0,0,0,0
26,6,2,6,0,0,0,0
27,6,2,7,0,0,0,0
28,6,2,8,0,0,0,0
29,6,2,9,0,0,0,0
30,6,3,0,1,1,0,0
31,6,3,1,0,0,0,0
32,6,3,2,0,0,0,0
33,6,3,3,0,0,0,0
34,6,3,4,0,0,0,0
35,6,3,5,0,0,0,0
36,6,3,6,0,0,0,0
37,6,3,7,0,0,0,0
38,6,3,8,0,0,0,0
39,6,3,9,0,0,0,0
40,6,4,0,1,1,0,0
41,6,4,1,0,0,0,0
42,6,4,2,0,0,0,0
43,6,4,3,0,0,0,0
44,6,4,4,0,0,0,0
45,6,4,5,0,0,0,0
46,6,4,6,0,0,0,0
47,6,4,7,0,0,0,0
48,6,4,8,0,0,0,0
49,6,4,9,0,0,0,0
50,6,5,0,1,1,0,0
51,6,5,1,0,0,0,0
52,6,5,2,0,0,0,0
53,6,5,3,0,0,0,0
54,6,5,4,0,0,0,0
55,6,5,5,0,0,0,0
56,6,5,6,0,0,0,0
57,6,5,7,0,0,0,0
58,6,5,8,0,0,0,0
59,6,5,9,0,0,0,0
60,6,6,0,1,1,0,0
61,6,6,1,0,0,0,0
62,6,6,2,0,0,0,0
63,6,6,3,0,0,0,0
64,6,6,4,0,0,1,0
65,6,6,5,0,0,0,0
66,6,6,6,0,0,0,0
67,6,6,7,0,0,0,0
68,6,6,8,0,0,0,0
69,6,6,9,0,0,0,0
70,6,7,0,1,1,0,0
71,6,7,1,0,0,0,0
72,6,7,2,0,0,0,0
73,6,7,3,0,0,0,0
74,6,7,4,0,0,0,0
75,6,7,5,0,0,0,0
76,6,7,6,0,0,0,0
77,6,7,7,0,0,0,0
78,6,7,8,0,0,0,0
79,6,7,9,0,0,0,0
80,6,8,0,1,1,0,0
81,6,8,1,0,0,0,0
82,6,8,2,0,0,0,0
83,6,8,3,0,0,0,0
84,6,8,4,0,0,1,0
85,6,8,5,0,0,0,0
86,6,8,6,0,0,0,0
87,6,8,7,0,0,0,0
88,6,8,8,0,0,0,0
89,6,8,9,0,0,0,0
90,6,9,0,1,1,0,0
91,6,9,1,0,0,0,0
92,6,9,2,0,0,0,0
93,6,9,3,0,0,0,0
94,6,9,4,0,0,0,0
95,6,9,5,0,0,0,0
96,6,9,6,0,0,0,0
97,6,9,7,0,0,0,0
98,6,9,8,0,0,0,0
99,6,9,9,0,0,0,0
0,7,0,0,1,1,0,0
1,7,0,1,0,0,1,0
2,7,0,2,0,0,1,0
3,7,0,3,0,0,0,0
4,7,0,4,0,0,0,0
5,7,0,5,0,0,0,0
6,7,0,6,0,0,0,1
7,7,0,7,0,0,0,0
8,7,0,8,0,0,1,0
9,7,0,9,0,0,0,0
10,7,1,0,1,1,1,0
11,7,1,1,0,0,0,0
12,7,1,2,0,0,0,0
13,7,1,3,0,0,0,0
14,7,1,4,0,0,0,0
15,7,1,5,0,0,0,0
16,7,1,6,0,0,0,0
17,7,1,7,0,0,0,0
18,7,1,8,0,0,1,0
19,7,1,9,0,0,0,0
20,7,2,0,1,1,1,1
21,7,2,1,0,0,1,0
22,7,2,2,0,0,0,0
23,7,2,3,0,0,0,0
24,7,2,4,0,0,0,0
25,7,2,5,0,0,0,0
26,7,2,6,0,0,0,0
27,7,2,7,0,0,0,0
28,7,2,8,0,0,1,0
29,7,2,9,0,0,0,0
30,7,3,0,1,1,0,0
31,7,3,1,0,0,0,0
32,7,3,2,0,0,0,0
33,7,3,3,0,0,0,0
34,7,3,4,0,0,0,0
35,7,3,5,0,0,0,0
36,7,3,6,0,0,0,0
37,7,3,7,0,0,0,0
38,7,3,8,0,0,0,0
39,7,3,9,0,0,0,0
40,7,4,0,1,1,0,0
41,7,4,1,0,0,0,0
42,7,4,2,0,0,0,0
43,7,4,3,0,0,0,0
44,7,4,4,0,0,0,0
45,7,4,5,0,0,0,0
46,7,4,6,0,0,0,0
47,7,4,7,0,0,0,0
48,7,4,8,0,0,0,0
49,7,4,9,0,0,0,0
50,7,5,0,1,1,0,0
51,7,5,1,0,0,0,0
52,7,5,2,0,0,0,0
53,7,5,3,0,0,0,0
54,7,5,4,0,0,0,0
55,7,5,5,0,0,0,0
56,7,5,6,0,0,0,0
57,7,5,7,0,0,0,0
58,7,5,8,0,0,0,0
59,7,5,9,0,0,0,0
60,7,6,0,1,1,1,1
61,7,6,1,0,0,1,0
62,7,6,2,0,0,1,0
63,7,6,3,0,0,0,0
64,7,6,4,0,0,0,0
65,7,6,5,0,0,0,0
66,7,6,6,0,0,0,0
67,7,6,7,0,0,1,0
68,7,6,8,0,0,1,0
69,7,6,9,0,0,0,0
70,7,7,0,1,1,1,0
71,7,7,1,0,0,1,0
72,7,7,2,0,0,1,0
73,7,7,3,0,0,0,0
74,7,7,4,0,0,0,0
75,7,7,5,0,0,0,0
76,7,7,6,0,0,0,1
77,7,7,7,0,0,0,0
78,7,7,8,0,0,1,0
79,7,7,9,0,0,0,0
80,7,8,0,1,1,0,0
81,7,8,1,0,0,0,0
82,7,8,2,0,0,0,0
83,7,8,3,0,0,0,0
84,7,8,4,0,0,0,0
85,7,8,5,0,0,0,0
86,7,8,6,0,0,0,0
87,7,8,7,0,0,0,0
88,7,8,8,0,0,0,0
89,7,8,9,0,0,0,0
90,7,9,0,1,1,0,0
91,7,9,1,0,0,0,0
92,7,9,2,0,0,0,0
93,7,9,3,0,0,0,0
94,7,9,4,0,0,0,0
95,7,9,5,0,0,0,0
96,7,9,6,0,0,0,0
97,7,9,7,0,0,0,0
98,7,9,8,0,0,0,0
99,7,9,9,0,0,0,0
0,8,0,0,1,1,0,0
1,8,0,1,0,0,0,0
2,8,0,2,0,0,0,0
3,8,0,3,0,0,0,0
4,8,0,4,0,0,0,0
5,8,0,5,0,0,0,0
6,8,0,6,0,0,0,0
7,8,0,7,0,0,0,0
8,8,0,8,0,0,1,0
9,8,0,9,0,0,0,0
10,8,1,0,1,1,0,0
11,8,1,1,0,0,0,0
12,8,1,2,0,0,0,0
13,8,1,3,0,0,0,0
14,8,1,4,0,0,0,0
15,8,1,5,0,0,0,0
16,8,1,6,0,0,0,0
17,8,1,7,0,0,0,0
18,8,1,8,0,0,0,0
19,8,1,9,0,0,0,0
20,8,2,0,1,1,1,1
21,8,2,1,0,0,0,1
22,8,2,2,0,0,0,0
23,8,2,3,0,0,0,1
24,8,2,4,0,0,0,0
25,8,2,5,0,0,0,0
26,8,2,6,0,0,0,1
27,8,2,7,0,0,0,0
28,8,2,8,0,0,1,0
29,8,2,9,0,0,0,0
30,8,3,0,1,1,0,0
31,8,3,1,0,0,0,0
32,8,3,2,0,0,0,0
33,8,3,3,0,0,0,0
34,8,3,4,0,0,0,0
35,8,3,5,0,0,0,0
36,8,3,6,0,0,0,0
37,8,3,7,0,0,0,0
38,8,3,8,0,0,0,0
39,8,3,9,0,0,0,0
40,8,4,0,1,1,0,0
41,8,4,1,0,0,0,0
42,8,4,2,0,0,0,0
43,8,4,3,0,0,0,0
44,8,4,4,0,0,0,0
45,8,4,5,0,0,0,0
46,8,4,6,0,0,0,0
47,8,4,7,0,0,0,0
48,8,4,8,0,0,0,0
49,8,4,9,0,0,0,0
50,8,5,0,1,1,0,0
51,8,5,1,0,0,0,0
52,8,5,2,0,0,0,0
53,8,5,3,0,0,0,0
54,8,5,4,0,0,0,0
55,8,5,5,0,0,0,0
56,8,5,6,0,0,0,0
57,8,5,7,0,0,0,0
58,8,5,8,0,0,0,0
59,8,5,9,0,0,0,0
60,8,6,0,1,1,0,0
61,8,6,1,0,0,0,0
62,8,6,2,0,0,0,0
63,8,6,3,0,0,0,0
64,8,6,4,0,0,0,0
65,8,6,5,0,0,0,0
66,8,6,6,0,0,0,0
67,8,6,7,0,0,0,0
68,8,6,8,0,0,0,0
69,8,6,9,0,0,0,0
70,8,7,0,1,1,0,0
71,8,7,1,0,0,0,0
72,8,7,2,0,0,0,0
73,8,7,3,0,0,0,0
74,8,7,4,0,0,0,0
75,8,7,5,0,0,0,0
76,8,7,6,0,0,0,0
77,8,7,7,0,0,0,0
78,8,7,8,0,0,0,0
79,8,7,9,0,0,0,0
80,8,8,0,1,1,0,0
81,8,8,1,0,0,0,0
82,8,8,2,0,0,0,0
83,8,8,3,0,0,0,0
84,8,8,4,0,0,0,0
85,8,8,5,0,0,0,0
86,8,8,6,0,0,0,0
87,8,8,7,0,0,0,0
88,8,8,8,0,0,0,0
89,8,8,9,0,0,0,0
90,8,9,0,1,1,0,0
91,8,9,1,0,0,0,0
92,8,9,2,0,0,0,0
93,8,9,3,0,0,0,0
94,8,9,4,0,0,0,0
95,8,9,5,0,0,0,0
96,8,9,6,0,0,0,0
97,8,9,7,0,0,0,0
98,8,9,8,0,0,0,0
99,8,9,9,0,0,0,0
0,9,0,0,1,1,0,0
1,9,0,1,0,0,0,0
2,9,0,2,0,0,1,0
3,9,0,3,0,0,0,0
4,9,0,4,0,0,1,0
5,9,0,5,0,0,0,0
6,9,0,6,0,0,0,0
7,9,0,7,0,0,1,0
8,9,0,8,0,0,0,0
9,9,0,9,0,0,0,0
10,9,1,0,1,1,0,0
11,9,1,1,0,0,0,0
12,9,1,2,0,0,0,0
13,9,1,3,0,0,0,0
14,9,1,4,0,0,0,0
15,9,1,5,0,0,0,0
16,9,1,6,0,0,0,0
17,9,1,7,0,0,0,0
18,9,1,8,0,0,0,0
19,9,1,9,0,0,0,0
20,9,2,0,1,1,1,0
21,9,2,1,0,0,0,0
22,9,2,2,0,0,0,0
23,9,2,3,0,0,0,0
24,9,2,4,0,0,1,0
25,9,2,5,0,0,0,0
26,9,2,6,0,0,0,0
27,9,2,7,0,0,1,0
28,9,2,8,0,0,0,0
29,9,2,9,0,0,0,0
30,9,3,0,1,1,1,1
31,9,3,1,0,0,0,0
32,9,3,2,0,0,1,0
33,9,3,3,0,0,0,0
34,9,3,4,0,0,1,0
35,9,3,5,0,0,0,1
36,9,3,6,0,0,0,1
37,9,3,7,0,0,1,0
38,9,3,8,0,0,0,0
39,9,3,9,0,0,0,0
40,9,4,0,1,1,0,0
41,9,4,1,0,0,0,0
42,9,4,2,0,0,0,0
43,9,4,3,0,0,0,0
44,9,4,4,0,0,0,0
45,9,4,5,0,0,0,0
46,9,4,6,0,0,0,0
47,9,4,7,0,0,0,0
48,9,4,8,0,0,0,0
49,9,4,9,0,0,0,0
50,9,5,0,1,1,1,1
51,9,5,1,0,0,0,0
52,9,5,2,0,0,1,0
53,9,5,3,0,0,0,0
54,9,5,4,0,0,1,0
55,9,5,5,0,0,0,0
56,9,5,6,0,0,0,1
57,9,5,7,0,0,1,0
58,9,5,8,0,0,0,0
59,9,5,9,0,0,0,0
60,9,6,0,1,1,1,1
61,9,6,1,0,0,0,0
62,9,6,2,0,0,1,0
63,9,6,3,0,0,0,0
64,9,6,4,0,0,1,0
65,9,6,5,0,0,0,1
66,9,6,6,0,0,0,0
67,9,6,7,0,0,1,0
68,9,6,8,0,0,0,0
69,9,6,9,0,0,0,0
70,9,7,0,1,1,0,0
71,9,7,1,0,0,0,0
72,9,7,2,0,0,1,0
73,9,7,3,0,0,0,0
74,9,7,4,0,0,1,0
75,9,7,5,0,0,0,0
76,9,7,6,0,0,0,0
77,9,7,7,0,0,0,0
78,9,7,8,0,0,0,0
79,9,7,9,0,0,0,0
80,9,8,0,1,1,0,0
81,9,8,1,0,0,0,1
82,9,8,2,0,0,1,0
83,9,8,3,0,0,0,0
84,9,8,4,0,0,1,0
85,9,8,5,0,0,0,0
86,9,8,6,0,0,0,0
87,9,8,7,0,0,1,0
88,9,8,8,0,0,0,0
89,9,8,9,0,0,0,1
90,9,9,0,1,1,0,0
91,9,9,1,0,0,0,0
92,9,9,2,0,0,1,0
93,9,9,3,0,0,0,1
94,9,9,4,0,0,1,0
95,9,9,5,0,0,0,1
96,9,9,6,0,0,0,1
97,9,9,7,0,0,1,0
98,9,9,8,0,0,0,0
99,9,9,9,0,0,0,0
0,10,0,0,1,1,0,0
1,10,0,1,0,0,0,0
2,10,0,2,0,0,0,0
3,10,0,3,0,0,0,0
4,10,0,4,0,0,0,0
5,10,0,5,0,0,0,0
6,10,0,6,0,0,1,0
7,10,0,7,0,0,0,0
8,10,0,8,0,0,0,0
9,10,0,9,0,0,0,0
10,10,1,0,1,1,1,0
11,10,1,1,0,0,0,0
12,10,1,2,0,0,0,0
13,10,1,3,0,0,0,1
14,10,1,4,0,0,0,0
15,10,1,5,0,0,0,0
16,10,1,6,0,0,1,0
17,10,1,7,0,0,0,0
18,10,1,8,0,0,0,0
19,10,1,9,0,0,0,0
20,10,2,0,1,1,0,0
21,10,2,1,0,0,0,0
22,10,2,2,0,0,0,0
23,10,2,3,0,0,0,0
24,10,2,4,0,0,0,0
25,10,2,5,0,0,0,0
26,10,2,6,0,0,0,0
27,10,2,7,0,0,0,0
28,10,2,8,0,0,0,0
29,10,2,9,0,0,0,0
30,10,3,0,1,1,0,0
31,10,3,1,0,0,0,0
32,10,3,2,0,0,0,0
33,10,3,3,0,0,0,0
34,10,3,4,0,0,0,0
35,10,3,5,0,0,0,0
36,10,3,6,0,0,0,0
37,10,3,7,0,0,0,0
38,10,3,8,0,0,0,0
39,10,3,9,0,0,0,0
40,10,4,0,1,1,1,0
41,10,4,1,0,0,0,0
42,10,4,2,0,0,0,0
43,10,4,3,0,0,0,0
44,10,4,4,0,0,0,0
45,10,4,5,0,0,0,0
46,10,4,6,0,0,1,0
47,10,4,7,0,0,0,0
48,10,4,8,0,0,0,0
49,10,4,9,0,0,0,0
50,10,5,0,1,1,0,0
51,10,5,1,0,0,0,0
52,10,5,2,0,0,0,0
53,10,5,3,0,0,0,0
54,10,5,4,0,0,0,0
55,10,5,5,0,0,0,0
56,10,5,6,0,0,0,0
57,10,5,7,0,0,0,0
58,10,5,8,0,0,0,0
59,10,5,9,0,0,0,0
60,10,6,0,1,1,0,0
61,10,6,1,0,0,0,0
62,10,6,2,0,0,0,0
63,10,6,3,0,0,0,0
64,10,6,4,0,0,0,0
65,10,6,5,0,0,0,0
66,10,6,6,0,0,0,0
67,10,6,7,0,0,0,0
68,10,6,8,0,0,0,0
69,10,6,9,0,0,0,0
70,10,7,0,1,1,0,0
71,10,7,1,0,0,0,0
72,10,7,2,0,0,0,0
73,10,7,3,0,0,0,0
74,10,7,4,0,0,0,0
75,10,7,5,0,0,0,0
76,10,7,6,0,0,0,0
77,10,7,7,0,0,0,0
78,10,7,8,0,0,0,0
79,10,7,9,0,0,0,0
80,10,8,0,1,1,1,0
81,10,8,1,0,0,0,1
82,10,8,2,0,0,0,1
83,10,8,3,0,0,0,1
84,10,8,4,0,0,0,0
85,10,8,5,0,0,0,0
86,10,8,6,0,0,1,0
87,10,8,7,0,0,0,0
88,10,8,8,0,0,0,0
89,10,8,9,0,0,0,1
90,10,9,0,1,1,0,0
91,10,9,1,0,0,0,0
92,10,9,2,0,0,0,0
93,10,9,3,0,0,0,0
94,10,9,4,0,0,0,0
95,10,9,5,0,0,0,0
96,10,9,6,0,0,0,0
97,10,9,7,0,0,0,0
98,10,9,8,0,0,0,0
99,10,9,9,0,0,0,0
0,11,0,0,1,1,0,0
1,11,0,1,0,0,0,0
2,11,0,2,0,0,0,0
3,11,0,3,0,0,0,0
4,11,0,4,0,0,0,0
5,11,0,5,0,0,1,0
6,11,0,6,0,0,0,0
7,11,0,7,0,0,0,0
8,11,0,8,0,0,0,0
9,11,0,9,0,0,1,0
10,11,1,0,1,1,0,0
11,11,1,1,0,0,0,0
12,11,1,2,0,0,0,0
13,11,1,3,0,0,0,0
14,11,1,4,0,0,0,0
15,11,1,5,0,0,0,0
16,11,1,6,0,0,0,0
17,11,1,7,0,0,0,0
18,11,1,8,0,0,0,0
19,11,1,9,0,0,0,0
20,11,2,0,1,1,0,0
21,11,2,1,0,0,0,0
22,11,2,2,0,0,0,0
23,11,2,3,0,0,0,0
24,11,2,4,0,0,0,0
25,11,2,5,0,0,0,0
26,11,2,6,0,0,0,0
27,11,2,7,0,0,0,0
28,11,2,8,0,0,0,0
29,11,2,9,0,0,0,0
30,11,3,0,1,1,0,0
31,11,3,1,0,0,0,0
32,11,3,2,0,0,0,0
33,11,3,3,0,0,0,0
34,11,3,4,0,0,0,0
35,11,3,5,0,0,0,0
36,11,3,6,0,0,0,0
37,11,3,7,0,0,0,0
38,11,3,8,0,0,0,0
39,11,3,9,0,0,0,0
40,11,4,0,1,1,0,0
41,11,4,1,0,0,0,0
42,11,4,2,0,0,0,0
43,11,4,3,0,0,0,0
44,11,4,4,0,0,0,0
45,11,4,5,0,0,1,0
46,11,4,6,0,0,0,0
47,11,4,7,0,0,0,0
48,11,4,8,0,0,0,0
49,11,4,9,0,0,1,0
50,11,5,0,1,1,0,1
51,11,5,1,0,0,0,0
52,11,5,2,0,0,0,0
53,11,5,3,0,0,0,0
54,11,5,4,0,0,0,1
55,11,5,5,0,0,0,0
56,11,5,6,0,0,0,0
57,11,5,7,0,0,0,0
58,11,5,8,0,0,1,1
59,11,5,9,0,0,1,0
60,11,6,0,1,1,0,0
61,11,6,1,0,0,0,0
62,11,6,2,0,0,0,0
63,11,6,3,0,0,0,0
64,11,6,4,0,0,0,0
65,11,6,5,0,0,0,0
66,11,6,6,0,0,0,0
67,11,6,7,0,0,0,0
68,11,6,8,0,0,0,0
69,11,6,9,0,0,0,0
70,11,7,0,1,1,0,0
71,11,7,1,0,0,0,0
72,11,7,2,0,0,0,0
73,11,7,3,0,0,0,0
74,11,7,4,0,0,0,0
75,11,7,5,0,0,0,0
76,11,7,6,0,0,0,0
77,11,7,7,0,0,0,0
78,11,7,8,0,0,0,0
79,11,7,9,0,0,0,0
80,11,8,0,1,1,0,1
81,11,8,1,0,0,0,0
82,11,8,2,0,0,0,0
83,11,8,3,0,0,0,0
84,11,8,4,0,0,0,1
85,11,8,5,0,0,1,0
86,11,8,6,0,0,0,0
87,11,8,7,0,0,0,0
88,11,8,8,0,0,0,0
89,11,8,9,0,0,1,0
90,11,9,0,1,1,0,0
91,11,9,1,0,0,0,0
92,11,9,2,0,0,0,0
93,11,9,3,0,0,0,0
94,11,9,4,0,0,0,0
95,11,9,5,0,0,0,0
96,11,9,6,0,0,0,0
97,11,9,7,0,0,0,0
98,11,9,8,0,0,0,0
99,11,9,9,0,0,0,0
0,12,0,0,1,1,0,0
1,12,0,1,0,0,0,0
2,12,0,2,0,0,0,0
3,12,0,3,0,0,1,0
4,12,0,4,0,0,0,0
5,12,0,5,0,0,0,0
6,12,0,6,0,0,0,0
7,12,0,7,0,0,0,0
8,12,0,8,0,0,0,0
9,12,0,9,0,0,0,0
10,12,1,0,1,1,0,0
11,12,1,1,0,0,0,0
12,12,1,2,0,0,0,0
13,12,1,3,0,0,0,0
14,12,1,4,0,0,0,0
15,12,1,5,0,0,0,0
16,12,1,6,0,0,0,0
17,12,1,7,0,0,0,0
18,12,1,8,0,0,0,0
19,12,1,9,0,0,0,0
20,12,2,0,1,1,0,0
21,12,2,1,0,0,0,0
22,12,2,2,0,0,0,0
23,12,2,3,0,0,0,0
24,12,2,4,0,0,0,0
25,12,2,5,0,0,0,0
26,12,2,6,0,0,0,0
27,12,2,7,0,0,0,0
28,12,2,8,0,0,0,0
29,12,2,9,0,0,0,0
30,12,3,0,1,1,0,0
31,12,3,1,0,0,0,0
32,12,3,2,0,0,0,0
33,12,3,3,0,0,0,0
34,12,3,4,0,0,0,0
35,12,3,5,0,0,0,0
36,12,3,6,0,0,0,0
37,12,3,7,0,0,0,0
38,12,3,8,0,0,0,0
39,12,3,9,0,0,0,0
40,12,4,0,1,1,0,0
41,12,4,1,0,0,0,0
42,12,4,2,0,0,0,0
43,12,4,3,0,0,0,0
44,12,4,4,0,0,0,0
45,12,4,5,0,0,0,0
46,12,4,6,0,0,0,0
47,12,4,7,0,0,0,0
48,12,4,8,0,0,0,0
49,12,4,9,0,0,0,0
50,12,5,0,1,1,0,0
51,12,5,1,0,0,0,0
52,12,5,2,0,0,0,0
53,12,5,3,0,0,0,0
54,12,5,4,0,0,0,0
55,12,5,5,0,0,0,0
56,12,5,6,0,0,0,0
57,12,5,7,0,0,0,0
58,12,5,8,0,0,0,0
59,12,5,9,0,0,0,0
60,12,6,0,1,1,0,0
61,12,6,1,0,0,0,0
62,12,6,2,0,0,0,0
63,12,6,3,0,0,0,0
64,12,6,4,0,0,0,0
65,12,6,5,0,0,0,0
66,12,6,6,0,0,0,0
67,12,6,7,0,0,0,0
68,12,6,8,0,0,0,0
69,12,6,9,0,0,0,0
70,12,7,0,1,1,0,0
71,12,7,1,0,0,0,0
72,12,7,2,0,0,0,0
73,12,7,3,0,0,0,0
74,12,7,4,0,0,0,0
75,12,7,5,0,0,0,0
76,12,7,6,0,0,0,0
77,12,7,7,0,0,0,0
78,12,7,8,0,0,0,0
79,12,7,9,0,0,0,0
80,12,8,0,1,1,0,0
81,12,8,1,0,0,0,0
82,12,8,2,0,0,0,0
83,12,8,3,0,0,0,0
84,12,8,4,0,0,0,0
85,12,8,5,0,0,0,0
86,12,8,6,0,0,0,0
87,12,8,7,0,0,0,0
88,12,8,8,0,0,0,0
89,12,8,9,0,0,0,0
90,12,9,0,1,1,0,0
91,12,9,1,0,0,0,0
92,12,9,2,0,0,0,0
93,12,9,3,0,0,0,0
94,12,9,4,0,0,0,0
95,12,9,5,0,0,0,0
96,12,9,6,0,0,0,0
97,12,9,7,0,0,0,0
98,12,9,8,0,0,0,0
99,12,9,9,0,0,0,0
0,13,0,0,1,1,0,0
1,13,0,1,0,0,1,0
2,13,0,2,0,0,0,0
3,13,0,3,0,0,0,1
4,13,0,4,0,0,0,1
5,13,0,5,0,0,0,0
6,13,0,6,0,0,0,0
7,13,0,7,0,0,0,0
8,13,0,8,0,0,0,0
9,13,0,9,0,0,0,0
10,13,1,0,1,1,0,0
11,13,1,1,0,0,0,0
12,13,1,2,0,0,0,0
13,13,1,3,0,0,0,0
14,13,1,4,0,0,0,0
15,13,1,5,0,0,0,0
16,13,1,6,0,0,0,0
17,13,1,7,0,0,0,0
18,13,1,8,0,0,0,0
19,13,1,9,0,0,0,0
20,13,2,0,1,1,0,0
21,13,2,1,0,0,0,0
22,13,2,2,0,0,0,0
23,13,2,3,0,0,0,0
24,13,2,4,0,0,0,0
25,13,2,5,0,0,0,0
26,13,2,6,0,0,0,0
27,13,2,7,0,0,0,0
28,13,2,8,0,0,0,0
29,13,2,9,0,0,0,0
30,13,3,0,1,1,0,1
31,13,3,1,0,0,1,0
32,13,3,2,0,0,0,0
33,13,3,3,0,0,0,0
34,13,3,4,0,0,0,0
35,13,3,5,0,0,0,0
36,13,3,6,0,0,0,1
37,13,3,7,0,0,0,0
38,13,3,8,0,0,0,1
39,13,3,9,0,0,0,0
40,13,4,0,1,1,0,0
41,13,4,1,0,0,0,0
42,13,4,2,0,0,0,0
43,13,4,3,0,0,0,0
44,13,4,4,0,0,0,0
45,13,4,5,0,0,0,0
46,13,4,6,0,0,0,0
47,13,4,7,0,0,0,0
48,13,4,8,0,0,0,0
49,13,4,9,0,0,0,0
50,13,5,0,1,1,0,0
51,13,5,1,0,0,0,0
52,13,5,2,0,0,0,0
53,13,5,3,0,0,0,0
54,13,5,4,0,0,0,0
55,13,5,5,0,0,0,0
56,13,5,6,0,0,0,0
57,13,5,7,0,0,0,0
58,13,5,8,0,0,0,0
59,13,5,9,0,0,0,0
60,13,6,0,1,1,0,0
61,13,6,1,0,0,0,0
62,13,6,2,0,0,0,0
63,13,6,3,0,0,0,0
64,13,6,4,0,0,0,0
65,13,6,5,0,0,0,0
66,13,6,6,0,0,0,0
67,13,6,7,0,0,0,0
68,13,6,8,0,0,0,0
69,13,6,9,0,0,0,0
70,13,7,0,1,1,0,0
71,13,7,1,0,0,0,0
72,13,7,2,0,0,0,0
73,13,7,3,0,0,0,0
74,13,7,4,0,0,0,0
75,13,7,5,0,0,0,0
76,13,7,6,0,0,0,0
77,13,7,7,0,0,0,0
78,13,7,8,0,0,0,0
79,13,7,9,0,0,0,0
80,13,8,0,1,1,0,0
81,13,8,1,0,0,0,0
82,13,8,2,0,0,0,0
83,13,8,3,0,0,0,0
84,13,8,4,0,0,0,0
85,13,8,5,0,0,0,0
86,13,8,6,0,0,0,0
87,13,8,7,0,0,0,0
88,13,8,8,0,0,0,0
89,13,8,9,0,0,0,0
90,13,9,0,1,1,1,0
91,13,9,1,0,0,1,0
92,13,9,2,0,0,0,0
93,13,9,3,0,0,0,0
94,13,9,4,0,0,0,0
95,13,9,5,0,0,0,1
96,13,9,6,0,0,0,0
97,13,9,7,0,0,0,0
98,13,9,8,0,0,0,0
99,13,9,9,0,0,0,0
0,14,0,0,1,1,0,0
1,14,0,1,0,0,1,0
2,14,0,2,0,0,0,0
3,14,0,3,0,0,0,0
4,14,0,4,0,0,0,0
5,14,0,5,0,0,0,0
6,14,0,6,0,0,0,0
7,14,0,7,0,0,0,0
8,14,0,8,0,0,0,0
9,14,0,9,0,0,0,0
10,14,1,0,1,1,0,0
11,14,1,1,0,0,0,0
12,14,1,2,0,0,0,0
13,14,1,3,0,0,0,0
14,14,1,4,0,0,0,0
15,14,1,5,0,0,0,0
16,14,1,6,0,0,0,0
17,14,1,7,0,0,0,0
18,14,1,8,0,0,0,0
19,14,1,9,0,0,0,0
20,14,2,0,1,1,0,0
21,14,2,1,0,0,0,0
22,14,2,2,0,0,0,0
23,14,2,3,0,0,0,0
24,14,2,4,0,0,0,0
25,14,2,5,0,0,0,0
26,14,2,6,0,0,0,0
27,14,2,7,0,0,0,0
28,14,2,8,0,0,0,0
29,14,2,9,0,0,0,0
30,14,3,0,1,1,0,0
31,14,3,1,0,0,0,0
32,14,3,2,0,0,0,0
33,14,3,3,0,0,0,0
34,14,3,4,0,0,0,0
35,14,3,5,0,0,0,0
36,14,3,6,0,0,0,0
37,14,3,7,0,0,0,0
38,14,3,8,0,0,0,0
39,14,3,9,0,0,0,0
40,14,4,0,1,1,0,0
41,14,4,1,0,0,0,0
42,14,4,2,0,0,0,0
43,14,4,3,0,0,0,0
44,14,4,4,0,0,0,0
45,14,4,5,0,0,0,0
46,14,4,6,0,0,0,0
47,14,4,7,0,0,0,0
48,14,4,8,0,0,0,0
49,14,4,9,0,0,0,0
50,14,5,0,1,1,0,0
51,14,5,1,0,0,0,0
52,14,5,2,0,0,0,0
53,14,5,3,0,0,0,0
54,14,5,4,0,0,0,0
55,14,5,5,0,0,0,0
56,14,5,6,0,0,0,0
57,14,5,7,0,0,0,0
58,14,5,8,0,0,0,0
59,14,5,9,0,0,0,0
60,14,6,0,1,1,0,0
61,14,6,1,0,0,0,0
62,14,6,2,0,0,0,0
63,14,6,3,0,0,0,0
64,14,6,4,0,0,0,0
65,14,6,5,0,0,0,0
66,14,6,6,0,0,0,0
67,14,6,7,0,0,0,0
68,14,6,8,0,0,0,0
69,14,6,9,0,0,0,0
70,14,7,0,1,1,0,1
71,14,7,1,0,0,1,0
72,14,7,2,0,0,0,0
73,14,7,3,0,0,0,0
74,14,7,4,0,0,0,0
75,14,7,5,0,0,0,0
76,14,7,6,0,0,0,0
77,14,7,7,0,0,0,0
78,14,7,8,0,0,0,1
79,14,7,9,0,0,0,0
80,14,8,0,1,1,1,0
81,14,8,1,0,0,1,0
82,14,8,2,0,0,0,0
83,14,8,3,0,0,0,0
84,14,8,4,0,0,0,0
85,14,8,5,0,0,0,0
86,14,8,6,0,0,0,0
87,14,8,7,0,0,0,0
88,14,8,8,0,0,0,0
89,14,8,9,0,0,0,0
90,14,9,0,1,1,0,0
91,14,9,1,0,0,0,0
92,14,9,2,0,0,0,0
93,14,9,3,0,0,0,0
94,14,9,4,0,0,0,0
95,14,9,5,0,0,0,0
96,14,9,6,0,0,0,0
97,14,9,7,0,0,0,0
98,14,9,8,0,0,0,0
99,14,9,9,0,0,0,0
0,15,0,0,1,1,0,0
1,15,0,1,0,0,1,0
2,15,0,2,0,0,0,0
3,15,0,3,0,0,0,0
4,15,0,4,0,0,0,0
5,15,0,5,0,0,0,0
6,15,0,6,0,0,0,0
7,15,0,7,0,0,0,0
8,15,0,8,0,0,0,0
9,15,0,9,0,0,0,0
10,15,1,0,1,1,0,0
11,15,1,1,0,0,0,0
12,15,1,2,0,0,0,0
13,15,1,3,0,0,0,0
14,15,1,4,0,0,0,0
15,15,1,5,0,0,0,0
16,15,1,6,0,0,0,0
17,15,1,7,0,0,0,0
18,15,1,8,0,0,0,0
19,15,1,9,0,0,0,0
20,15,2,0,1,1,0,0
21,15,2,1,0,0,0,0
22,15,2,2,0,0,0,0
23,15,2,3,0,0,0,0
24,15,2,4,0,0,0,0
25,15,2,5,0,0,0,0
26,15,2,6,0,0,0,0
27,15,2,7,0,0,0,0
28,15,2,8,0,0,0,0
29,15,2,9,0,0,0,0
30,15,3,0,1,1,1,0
31,15,3,1,0,0,1,0
32,15,3,2,0,0,0,1
33,15,3,3,0,0,0,0
34,15,3,4,0,0,0,0
35,15,3,5,0,0,0,0
36,15,3,6,0,0,0,0
37,15,3,7,0,0,0,1
38,15,3,8,0,0,0,0
39,15,3,9,0,0,0,0
40,15,4,0,1,1,1,0
41,15,4,1,0,0,1,0
42,15,4,2,0,0,0,0
43,15,4,3,0,0,0,0
44,15,4,4,0,0,0,0
45,15,4,5,0,0,0,0
46,15,4,6,0,0,0,0
47,15,4,7,0,0,0,0
48,15,4,8,0,0,0,0
49,15,4,9,0,0,0,0
50,15,5,0,1,1,0,0
51,15,5,1,0,0,1,0
52,15,5,2,0,0,0,0
53,15,5,3,0,0,0,0
54,15,5,4,0,0,0,0
55,15,5,5,0,0,0,0
56,15,5,6,0,0,0,1
57,15,5,7,0,0,0,0
58,15,5,8,0,0,0,1
59,15,5,9,0,0,0,1
60,15,6,0,1,1,0,0
61,15,6,1,0,0,0,0
62,15,6,2,0,0,0,0
63,15,6,3,0,0,0,0
64,15,6,4,0,0,0,0
65,15,6,5,0,0,0,0
66,15,6,6,0,0,0,0
67,15,6,7,0,0,0,0
68,15,6,8,0,0,0,0
69,15,6,9,0,0,0,0
70,15,7,0,1,1,0,0
71,15,7,1,0,0,0,0
72,15,7,2,0,0,0,0
73,15,7,3,0,0,0,0
74,15,7,4,0,0,0,0
75,15,7,5,0,0,0,0
76,15,7,6,0,0,0,0
77,15,7,7,0,0,0,0
78,15,7,8,0,0,0,0
79,15,7,9,0,0,0,0
80,15,8,0,1,1,0,0
81,15,8,1,0,0,0,0
82,15,8,2,0,0,0,0
83,15,8,3,0,0,0,0
84,15,8,4,0,0,0,0
85,15,8,5,0,0,0,0
86,15,8,6,0,0,0,0
87,15,8,7,0,0,0,0
88,15,8,8,0,0,0,0
89,15,8,9,0,0,0,0
90,15,9,0,1,1,0,0
91,15,9,1,0,0,0,0
92,15,9,2,0,0,0,0
93,15,9,3,0,0,0,0
94,15,9,4,0,0,0,0
95,15,9,5,0,0,0,0
96,15,9,6,0,0,0,0
97,15,9,7,0,0,0,0
98,15,9,8,0,0,0,0
99,15,9,9,0,0,0,0
0,16,0,0,1,1,0,0
1,16,0,1,0,0,0,0
2,16,0,2,0,0,0,0
3,16,0,3,0,0,0,0
4,16,0,4,0,0,0,0
5,16,0,5,0,0,0,0
6,16,0,6,0,0,0,0
7,16,0,7,0,0,0,0
8,16,0,8,0,0,0,0
9,16,0,9,0,0,0,0
10,16,1,0,1,1,0,0
11,16,1,1,0,0,0,0
12,16,1,2,0,0,0,0
13,16,1,3,0,0,0,0
14,16,1,4,0,0,0,0
15,16,1,5,0,0,0,0
16,16,1,6,0,0,0,0
17,16,1,7,0,0,0,0
18,16,1,8,0,0,0,0
19,16,1,9,0,0,0,0
20,16,2,0,1,1,0,0
21,16,2,1,0,0,0,0
22,16,2,2,0,0,0,0
23,16,2,3,0,0,0,0
24,16,2,4,0,0,0,0
25,16,2,5,0,0,0,0
26,16,2,6,0,0,0,0
27,16,2,7,0,0,0,0
28,16,2,8,0,0,0,0
29,16,2,9,0,0,0,0
30,16,3,0,1,1,0,0
31,16,3,1,0,0,0,0
32,16,3,2,0,0,0,0
33,16,3,3,0,0,0,0
34,16,3,4,0,0,0,0
35,16,3,5,0,0,0,0
36,16,3,6,0,0,0,0
37,16,3,7,0,0,0,0
38,16,3,8,0,0,0,0
39,16,3,9,0,0,0,0
40,16,4,0,1,1,0,0
41,16,4,1,0,0,0,0
42,16,4,2,0,0,0,0
43,16,4,3,0,0,0,0
44,16,4,4,0,0,0,0
45,16,4,5,0,0,0,0
46,16,4,6,0,0,0,0
47,16,4,7,0,0,0,0
48,16,4,8,0,0,0,0
49,16,4,9,0,0,0,0
50,16,5,0,1,1,0,0
51,16,5,1,0,0,0,0
52,16,5,2,0,0,0,0
53,16,5,3,0,0,0,0
54,16,5,4,0,0,0,0
55,16,5,5,0,0,0,0
56,16,5,6,0,0,0,0
57,16,5,7,0,0,0,0
58,16,5,8,0,0,0,0
59,16,5,9,0,0,0,0
60,16,6,0,1,1,0,0
61,16,6,1,0,0,0,0
62,16,6,2,0,0,0,0
63,16,6,3,0,0,0,0
64,16,6,4,0,0,0,0
65,16,6,5,0,0,0,0
66,16,6,6,0,0,0,0
67,16,6,7,0,0,0,0
68,16,6,8,0,0,0,0
69,16,6,9,0,0,0,0
70,16,7,0,1,1,0,0
71,16,7,1,0,0,0,0
72,16,7,2,0,0,0,0
73,16,7,3,0,0,0,0
74,16,7,4,0,0,0,0
75,16,7,5,0,0,0,0
76,16,7,6,0,0,0,0
77,16,7,7,0,0,0,0
78,16,7,8,0,0,0,0
79,16,7,9,0,0,0,0
80,16,8,0,1,1,0,0
81,16,8,1,0,0,0,0
82,16,8,2,0,0,0,0
83,16,8,3,0,0,0,0
84,16,8,4,0,0,0,0
85,16,8,5,0,0,0,0
86,16,8,6,0,0,0,0
87,16,8,7,0,0,0,0
88,16,8,8,0,0,0,0
89,16,8,9,0,0,0,0
90,16,9,0,1,1,0,0
91,16,9,1,0,0,0,0
92,16,9,2,0,0,0,0
93,16,9,3,0,0,0,0
94,16,9,4,0,0,0,0
95,16,9,5,0,0,0,0
96,16,9,6,0,0,0,0
97,16,9,7,0,0,0,0
98,16,9,8,0,0,0,0
99,16,9,9,0,0,0,0
0,17,0,0,1,1,0,0
1,17,0,1,0,0,0,0
2,17,0,2,0,0,0,0
3,17,0,3,0,0,0,0
4,17,0,4,0,0,0,0
5,17,0,5,0,0,0,0
6,17,0,6,0,0,0,0
7,17,0,7,0,0,0,0
8,17,0,8,0,0,0,0
9,17,0,9,0,0,0,0
10,17,1,0,1,1,0,0
11,17,1,1,0,0,0,0
12,17,1,2,0,0,0,0
13,17,1,3,0,0,1,0
14,17,1,4,0,0,0,0
15,17,1,5,0,0,0,0
16,17,1,6,0,0,1,0
17,17,1,7,0,0,0,0
18,17,1,8,0,0,0,0
19,17,1,9,0,0,0,0
20,17,2,0,1,1,0,0
21,17,2,1,0,0,0,0
22,17,2,2,0,0,0,0
23,17,2,3,0,0,0,0
24,17,2,4,0,0,0,0
25,17,2,5,0,0,0,0
26,17,2,6,0,0,0,0
27,17,2,7,0,0,0,0
28,17,2,8,0,0,0,0
29,17,2,9,0,0,0,0
30,17,3,0,1,1,0,0
31,17,3,1,0,0,0,0
32,17,3,2,0,0,0,0
33,17,3,3,0,0,0,0
34,17,3,4,0,0,0,0
35,17,3,5,0,0,0,0
36,17,3,6,0,0,0,0
37,17,3,7,0,0,0,0
38,17,3,8,0,0,0,0
39,17,3,9,0,0,0,0
40,17,4,0,1,1,0,0
41,17,4,1,0,0,0,0
42,17,4,2,0,0,0,0
43,17,4,3,0,0,0,0
44,17,4,4,0,0,0,0
45,17,4,5,0,0,0,0
46,17,4,6,0,0,0,0
47,17,4,7,0,0,0,0
48,17,4,8,0,0,0,0
49,17,4,9,0,0,0,0
50,17,5,0,1,1,0,0
51,17,5,1,0,0,0,0
52,17,5,2,0,0,0,0
53,17,5,3,0,0,0,0
54,17,5,4,0,0,0,0
55,17,5,5,0,0,0,0
56,17,5,6,0,0,0,0
57,17,5,7,0,0,0,0
58,17,5,8,0,0,0,0
59,17,5,9,0,0,0,0
60,17,6,0,1,1,0,0
61,17,6,1,0,0,0,0
62,17,6,2,0,0,0,0
63,17,6,3,0,0,0,0
64,17,6,4,0,0,0,0
65,17,6,5,0,0,0,0
66,17,6,6,0,0,0,0
67,17,6,7,0,0,0,0
68,17,6,8,0,0,0,0
69,17,6,9,0,0,0,0
70,17,7,0,1,1,0,0
71,17,7,1,0,0,0,1
72,17,7,2,0,0,0,0
73,17,7,3,0,0,1,0
74,17,7,4,0,0,0,0
75,17,7,5,0,0,0,0
76,17,7,6,0,0,1,0
77,17,7,7,0,0,0,0
78,17,7,8,0,0,0,0
79,17,7,9,0,0,0,0
80,17,8,0,1,1,0,0
81,17,8,1,0,0,0,0
82,17,8,2,0,0,0,0
83,17,8,3,0,0,0,0
84,17,8,4,0,0,0,0
85,17,8,5,0,0,0,0
86,17,8,6,0,0,0,0
87,17,8,7,0,0,0,0
88,17,8,8,0,0,0,0
89,17,8,9,0,0,0,0
90,17,9,0,1,1,0,0
91,17,9,1,0,0,0,0
92,17,9,2,0,0,0,0
93,17,9,3,0,0,0,0
94,17,9,4,0,0,0,0
95,17,9,5,0,0,0,0
96,17,9,6,0,0,0,0
97,17,9,7,0,0,0,0
98,17,9,8,0,0,0,0
99,17,9,9,0,0,0,0
0,18,0,0,1,1,0,0
1,18,0,1,0,0,0,1
2,18,0,2,0,0,0,0
3,18,0,3,0,0,0,0
4,18,0,4,0,0,0,0
5,18,0,5,0,0,1,0
6,18,0,6,0,0,0,1
7,18,0,7,0,0,0,0
8,18,0,8,0,0,0,0
9,18,0,9,0,0,0,0
10,18,1,0,1,1,1,1
11,18,1,1,0,0,0,0
12,18,1,2,0,0,0,0
13,18,1,3,0,0,0,0
14,18,1,4,0,0,0,0
15,18,1,5,0,0,1,0
16,18,1,6,0,0,1,1
17,18,1,7,0,0,0,0
18,18,1,8,0,0,0,0
19,18,1,9,0,0,0,0
20,18,2,0,1,1,1,1
21,18,2,1,0,0,0,0
22,18,2,2,0,0,0,0
23,18,2,3,0,0,0,0
24,18,2,4,0,0,0,0
25,18,2,5,0,0,1,0
26,18,2,6,0,0,0,0
27,18,2,7,0,0,0,0
28,18,2,8,0,0,0,0
29,18,2,9,0,0,0,0
30,18,3,0,1,1,0,0
31,18,3,1,0,0,0,0
32,18,3,2,0,0,0,0
33,18,3,3,0,0,0,0
34,18,3,4,0,0,0,0
35,18,3,5,0,0,0,0
36,18,3,6,0,0,0,0
37,18,3,7,0,0,0,0
38,18,3,8,0,0,0,0
39,18,3,9,0,0,0,0
40,18,4,0,1,1,0,0
41,18,4,1,0,0,0,0
42,18,4,2,0,0,0,0
43,18,4,3,0,0,0,0
44,18,4,4,0,0,0,0
45,18,4,5,0,0,0,0
46,18,4,6,0,0,0,0
47,18,4,7,0,0,0,0
48,18,4,8,0,0,0,0
49,18,4,9,0,0,0,0
50,18,5,0,1,1,0,0
51,18,5,1,0,0,0,0
52,18,5,2,0,0,0,0
53,18,5,3,0,0,0,0
54,18,5,4,0,0,0,0
55,18,5,5,0,0,0,0
56,18,5,6,0,0,0,0
57,18,5,7,0,0,0,0
58,18,5,8,0,0,0,0
59,18,5,9,0,0,0,0
60,18,6,0,1,1,0,0
61,18,6,1,0,0,0,0
62,18,6,2,0,0,0,0
63,18,6,3,0,0,0,0
64,18,6,4,0,0,0,0
65,18,6,5,0,0,1,0
66,18,6,6,0,0,0,0
67,18,6,7,0,0,0,0
68,18,6,8,0,0,0,0
69,18,6,9,0,0,0,0
70,18,7,0,1,1,0,0
71,18,7,1,0,0,0,0
72,18,7,2,0,0,0,0
73,18,7,3,0,0,0,0
74,18,7,4,0,0,0,0
75,18,7,5,0,0,0,0
76,18,7,6,0,0,0,0
77,18,7,7,0,0,0,0
78,18,7,8,0,0,0,0
79,18,7,9,0,0,0,0
80,18,8,0,1,1,0,0
81,18,8,1,0,0,0,0
82,18,8,2,0,0,0,0
83,18,8,3,0,0,0,0
84,18,8,4,0,0,0,0
85,18,8,5,0,0,0,0
86,18,8,6,0,0,0,0
87,18,8,7,0,0,0,0
88,18,8,8,0,0,0,0
89,18,8,9,0,0,0,0
90,18,9,0,1,1,0,0
91,18,9,1,0,0,0,0
92,18,9,2,0,0,0,0
93,18,9,3,0,0,0,0
94,18,9,4,0,0,0,0
95,18,9,5,0,0,0,0
96,18,9,6,0,0,0,0
97,18,9,7,0,0,0,0
98,18,9,8,0,0,0,0
99,18,9,9,0,0,0,0
0,19,0,0,1,1,0,0
1,19,0,1,0,0,0,0
2,19,0,2,0,0,0,0
3,19,0,3,0,0,0,0
4,19,0,4,0,0,0,0
5,19,0,5,0,0,0,0
6,19,0,6,0,0,0,1
7,19,0,7,0,0,0,0
8,19,0,8,0,0,0,1
9,19,0,9,0,0,1,0
10,19,1,0,1,1,0,0
11,19,1,1,0,0,0,0
12,19,1,2,0,0,0,0
13,19,1,3,0,0,0,0
14,19,1,4,0,0,0,0
15,19,1,5,0,0,0,0
16,19,1,6,0,0,0,0
17,19,1,7,0,0,0,0
18,19,1,8,0,0,0,0
19,19,1,9,0,0,0,0
20,19,2,0,1,1,0,0
21,19,2,1,0,0,0,0
22,19,2,2,0,0,0,0
23,19,2,3,0,0,0,0
24,19,2,4,0,0,0,0
25,19,2,5,0,0,0,0
26,19,2,6,0,0,0,0
27,19,2,7,0,0,0,0
28,19,2,8,0,0,0,0
29,19,2,9,0,0,0,0
30,19,3,0,1,1,0,0
31,19,3,1,0,0,0,0
32,19,3,2,0,0,0,0
33,19,3,3,0,0,0,0
34,19,3,4,0,0,0,0
35,19,3,5,0,0,0,0
36,19,3,6,0,0,0,0
37,19,3,7,0,0,0,0
38,19,3,8,0,0,0,0
39,19,3,9,0,0,0,0
40,19,4,0,1,1,0,0
41,19,4,1,0,0,0,0
42,19,4,2,0,0,0,0
43,19,4,3,0,0,0,0
44,19,4,4,0,0,0,0
45,19,4,5,0,0,0,0
46,19,4,6,0,0,0,0
47,19,4,7,0,0,0,0
48,19,4,8,0,0,0,0
49,19,4,9,0,0,0,0
50,19,5,0,1,1,0,0
51,19,5,1,0,0,0,0
52,19,5,2,0,0,0,0
53,19,5,3,0,0,0,0
54,19,5,4,0,0,0,0
55,19,5,5,0,0,0,0
56,19,5,6,0,0,0,0
57,19,5,7,0,0,0,0
58,19,5,8,0,0,0,0
59,19,5,9,0,0,0,0
60,19,6,0,1,1,0,0
61,19,6,1,0,0,0,0
62,19,6,2,0,0,0,0
63,19,6,3,0,0,0,0
64,19,6,4,0,0,0,0
65,19,6,5,0,0,0,0
66,19,6,6,0,0,0,0
67,19,6,7,0,0,0,0
68,19,6,8,0,0,0,0
69,19,6,9,0,0,0,0
70,19,7,0,1,1,0,0
71,19,7,1,0,0,0,0
72,19,7,2,0,0,0,0
73,19,7,3,0,0,0,0
74,19,7,4,0,0,0,0
75,19,7,5,0,0,0,0
76,19,7,6,0,0,0,0
77,19,7,7,0,0,0,0
78,19,7,8,0,0,0,0
79,19,7,9,0,0,0,0
80,19,8,0,1,1,0,0
81,19,8,1,0,0,0,0
82,19,8,2,0,0,0,0
83,19,8,3,0,0,0,0
84,19,8,4,0,0,0,0
85,19,8,5,0,0,0,0
86,19,8,6,0,0,0,0
87,19,8,7,0,0,0,0
88,19,8,8,0,0,0,0
89,19,8,9,0,0,0,0
90,19,9,0,1,1,0,0
91,19,9,1,0,0,0,0
92,19,9,2,0,0,0,0
93,19,9,3,0,0,0,0
94,19,9,4,0,0,0,0
95,19,9,5,0,0,0,0
96,19,9,6,0,0,0,0
97,19,9,7,0,0,0,0
98,19,9,8,0,0,0,0
99,19,9,9,0,0,0,0
0,20,0,0,1,1,0,0
1,20,0,1,0,0,0,0
2,20,0,2,0,0,0,0
3,20,0,3,0,0,0,0
4,20,0,4,0,0,0,1
5,20,0,5,0,0,0,1
6,20,0,6,0,0,0,0
7,20,0,7,0,0,1,0
8,20,0,8,0,0,0,1
9,20,0,9,0,0,0,0
10,20,1,0,1,1,0,0
11,20,1,1,0,0,0,0
12,20,1,2,0,0,0,0
13,20,1,3,0,0,0,0
14,20,1,4,0,0,0,0
15,20,1,5,0,0,0,0
16,20,1,6,0,0,0,0
17,20,1,7,0,0,0,0
18,20,1,8,0,0,0,0
19,20,1,9,0,0,0,0
20,20,2,0,1,1,0,1
21,20,2,1,0,0,0,0
22,20,2,2,0,0,0,0
23,20,2,3,0,0,0,0
24,20,2,4,0,0,0,0
25,20,2,5,0,0,0,0
26,20,2,6,0,0,0,0
27,20,2,7,0,0,1,0
28,20,2,8,0,0,0,0
29,20,2,9,0,0,0,0
30,20,3,0,1,1,0,0
31,20,3,1,0,0,0,0
32,20,3,2,0,0,0,0
33,20,3,3,0,0,0,0
34,20,3,4,0,0,0,0
35,20,3,5,0,0,0,0
36,20,3,6,0,0,0,0
37,20,3,7,0,0,0,0
38,20,3,8,0,0,0,0
39,20,3,9,0,0,0,0
40,20,4,0,1,1,0,0
41,20,4,1,0,0,0,0
42,20,4,2,0,0,0,0
43,20,4,3,0,0,0,0
44,20,4,4,0,0,0,0
45,20,4,5,0,0,0,0
46,20,4,6,0,0,0,0
47,20,4,7,0,0,0,0
48,20,4,8,0,0,0,0
49,20,4,9,0,0,0,0
50,20,5,0,1,1,0,0
51,20,5,1,0,0,0,0
52,20,5,2,0,0,0,0
53,20,5,3,0,0,0,0
54,20,5,4,0,0,0,0
55,20,5,5,0,0,0,0
56,20,5,6,0,0,0,0
57,20,5,7,0,0,1,0
58,20,5,8,0,0,0,0
59,20,5,9,0,0,0,0
60,20,6,0,1,1,0,0
61,20,6,1,0,0,0,0
62,20,6,2,0,0,0,0
63,20,6,3,0,0,0,0
64,20,6,4,0,0,0,0
65,20,6,5,0,0,0,0
66,20,6,6,0,0,0,0
67,20,6,7,0,0,0,0
68,20,6,8,0,0,0,0
69,20,6,9,0,0,0,0
70,20,7,0,1,1,0,0
71,20,7,1,0,0,0,0
72,20,7,2,0,0,0,0
73,20,7,3,0,0,0,0
74,20,7,4,0,0,0,0
75,20,7,5,0,0,0,0
76,20,7,6,0,0,0,0
77,20,7,7,0,0,0,0
78,20,7,8,0,0,0,0
79,20,7,9,0,0,0,0
80,20,8,0,1,1,0,0
81,20,8,1,0,0,0,0
82,20,8,2,0,0,0,0
83,20,8,3,0,0,0,0
84,20,8,4,0,0,0,0
85,20,8,5,0,0,0,0
86,20,8,6,0,0,0,0
87,20,8,7,0,0,0,0
88,20,8,8,0,0,0,0
89,20,8,9,0,0,0,0
90,20,9,0,1,1,0,0
91,20,9,1,0,0,0,0
92,20,9,2,0,0,0,0
93,20,9,3,0,0,0,0
94,20,9,4,0,0,0,0
95,20,9,5,0,0,0,0
96,20,9,6,0,0,0,0
97,20,9,7,0,0,0,0
98,20,9,8,0,0,0,0
99,20,9,9,0,0,0,0
0,21,0,0,1,1,0,0
1,21,0,1,0,0,0,0
2,21,0,2,0,0,0,0
3,21,0,3,0,0,0,0
4,21,0,4,0,0,1,0
5,21,0,5,0,0,0,0
6,21,0,6,0,0,0,0
7,21,0,7,0,0,0,0
8,21,0,8,0,0,0,0
9,21,0,9,0,0,1,0
10,21,1,0,1,1,0,0
11,21,1,1,0,0,0,0
12,21,1,2,0,0,0,0
13,21,1,3,0,0,0,0
14,21,1,4,0,0,0,0
15,21,1,5,0,0,0,0
16,21,1,6,0,0,0,0
17,21,1,7,0,0,0,0
18,21,1,8,0,0,0,0
19,21,1,9,0,0,0,0
20,21,2,0,1,1,0,0
21,21,2,1,0,0,0,0
22,21,2,2,0,0,0,0
23,21,2,3,0,0,0,0
24,21,2,4,0,0,0,0
25,21,2,5,0,0,0,0
26,21,2,6,0,0,0,0
27,21,2,7,0,0,0,0
28,21,2,8,0,0,0,0
29,21,2,9,0,0,0,0
30,21,3,0,1,1,1,0
31,21,3,1,0,0,0,0
32,21,3,2,0,0,0,1
33,21,3,3,0,0,0,0
34,21,3,4,0,0,0,0
35,21,3,5,0,0,0,0
36,21,3,6,0,0,0,0
37,21,3,7,0,0,0,0
38,21,3,8,0,0,0,0
39,21,3,9,0,0,1,0
40,21,4,0,1,1,1,1
41,21,4,1,0,0,0,0
42,21,4,2,0,0,0,0
43,21,4,3,0,0,0,0
44,21,4,4,0,0,0,0
45,21,4,5,0,0,0,0
46,21,4,6,0,0,0,0
47,21,4,7,0,0,0,0
48,21,4,8,0,0,0,0
49,21,4,9,0,0,1,0
50,21,5,0,1,1,0,0
51,21,5,1,0,0,0,0
52,21,5,2,0,0,0,0
53,21,5,3,0,0,0,0
54,21,5,4,0,0,0,0
55,21,5,5,0,0,0,0
56,21,5,6,0,0,0,0
57,21,5,7,0,0,0,0
58,21,5,8,0,0,0,0
59,21,5,9,0,0,0,0
60,21,6,0,1,1,0,0
61,21,6,1,0,0,0,0
62,21,6,2,0,0,0,0
63,21,6,3,0,0,0,0
64,21,6,4,0,0,0,0
65,21,6,5,0,0,0,0
66,21,6,6,0,0,0,0
67,21,6,7,0,0,0,0
68,21,6,8,0,0,0,0
69,21,6,9,0,0,0,0
70,21,7,0,1,1,0,0
71,21,7,1,0,0,0,0
72,21,7,2,0,0,0,0
73,21,7,3,0,0,0,0
74,21,7,4,0,0,0,0
75,21,7,5,0,0,0,0
76,21,7,6,0,0,0,0
77,21,7,7,0,0,0,0
78,21,7,8,0,0,0,0
79,21,7,9,0,0,0,0
80,21,8,0,1,1,0,0
81,21,8,1,0,0,0,0
82,21,8,2,0,0,0,0
83,21,8,3,0,0,0,0
84,21,8,4,0,0,0,0
85,21,8,5,0,0,0,0
86,21,8,6,0,0,0,0
87,21,8,7,0,0,0,0
88,21,8,8,0,0,0,0
89,21,8,9,0,0,0,0
90,21,9,0,1,1,0,0
91,21,9,1,0,0,0,0
92,21,9,2,0,0,0,0
93,21,9,3,0,0,0,0
94,21,9,4,0,0,0,0
95,21,9,5,0,0,0,0
96,21,9,6,0,0,0,0
97,21,9,7,0,0,0,0
98,21,9,8,0,0,0,0
99,21,9,9,0,0,0,0
0,22,0,0,1,1,0,0
1,22,0,1,0,0,0,0
2,22,0,2,0,0,0,0
3,22,0,3,0,0,1,0
4,22,0,4,0,0,0,0
5,22,0,5,0,0,0,0
6,22,0,6,0,0,0,0
7,22,0,7,0,0,0,0
8,22,0,8,0,0,0,0
9,22,0,9,0,0,0,0
10,22,1,0,1,1,1,0
11,22,1,1,0,0,0,0
12,22,1,2,0,0,0,1
13,22,1,3,0,0,1,0
14,22,1,4,0,0,0,0
15,22,1,5,0,0,0,1
16,22,1,6,0,0,0,0
17,22,1,7,0,0,0,1
18,22,1,8,0,0,0,1
19,22,1,9,0,0,0,1
20,22,2,0,1,1,0,0
21,22,2,1,0,0,0,0
22,22,2,2,0,0,0,0
23,22,2,3,0,0,1,0
24,22,2,4,0,0,0,1
25,22,2,5,0,0,0,0
26,22,2,6,0,0,0,1
27,22,2,7,0,0,0,0
28,22,2,8,0,0,0,0
29,22,2,9,0,0,0,0
30,22,3,0,1,1,0,0
31,22,3,1,0,0,0,0
32,22,3,2,0,0,0,0
33,22,3,3,0,0,0,0
34,22,3,4,0,0,0,0
35,22,3,5,0,0,0,0
36,22,3,6,0,0,0,0
37,22,3,7,0,0,0,0
38,22,3,8,0,0,0,0
39,22,3,9,0,0,0,0
40,22,4,0,1,1,1,0
41,22,4,1,0,0,0,0
42,22,4,2,0,0,0,0
43,22,4,3,0,0,1,0
44,22,4,4,0,0,0,0
45,22,4,5,0,0,0,0
46,22,4,6,0,0,0,1
47,22,4,7,0,0,0,0
48,22,4,8,0,0,0,0
49,22,4,9,0,0,0,0
50,22,5,0,1,1,1,0
51,22,5,1,0,0,0,0
52,22,5,2,0,0,0,0
53,22,5,3,0,0,1,0
54,22,5,4,0,0,0,0
55,22,5,5,0,0,0,0
56,22,5,6,0,0,0,0
57,22,5,7,0,0,0,1
58,22,5,8,0,0,0,1
59,22,5,9,0,0,0,1
60,22,6,0,1,1,1,0
61,22,6,1,0,0,0,0
62,22,6,2,0,0,0,0
63,22,6,3,0,0,1,0
64,22,6,4,0,0,0,1
65,22,6,5,0,0,0,0
66,22,6,6,0,0,0,0
67,22,6,7,0,0,0,0
68,22,6,8,0,0,0,0
69,22,6,9,0,0,0,0
70,22,7,0,1,1,0,0
71,22,7,1,0,0,0,0
72,22,7,2,0,0,0,0
73,22,7,3,0,0,0,0
74,22,7,4,0,0,0,0
75,22,7,5,0,0,0,0
76,22,7,6,0,0,0,0
77,22,7,7,0,0,0,0
78,22,7,8,0,0,0,0
79,22,7,9,0,0,0,0
80,22,8,0,1,1,1,0
81,22,8,1,0,0,0,0
82,22,8,2,0,0,0,0
83,22,8,3,0,0,1,0
84,22,8,4,0,0,0,0
85,22,8,5,0,0,0,1
86,22,8,6,0,0,0,0
87,22,8,7,0,0,0,1
88,22,8,8,0,0,0,0
89,22,8,9,0,0,0,1
90,22,9,0,1,1,0,0
91,22,9,1,0,0,0,0
92,22,9,2,0,0,0,0
93,22,9,3,0,0,0,0
94,22,9,4,0,0,0,0
95,22,9,5,0,0,0,0
96,22,9,6,0,0,0,0
97,22,9,7,0,0,0,0
98,22,9,8,0,0,0,0
99,22,9,9,0,0,0,0
0,23,0,0,1,1,0,0
1,23,0,1,0,0,0,0
2,23,0,2,0,0,0,0
3,23,0,3,0,0,0,0
4,23,0,4,0,0,0,0
5,23,0,5,0,0,0,0
6,23,0,6,0,0,0,0
7,23,0,7,0,0,0,0
8,23,0,8,0,0,0,0
9,23,0,9,0,0,0,0
10,23,1,0,1,1,1,0
11,23,1,1,0,0,0,0
12,23,1,2,0,0,0,1
13,23,1,3,0,0,1,0
14,23,1,4,0,0,0,0
15,23,1,5,0,0,0,0
16,23,1,6,0,0,0,0
17,23,1,7,0,0,0,0
18,23,1,8,0,0,0,1
19,23,1,9,0,0,0,0
20,23,2,0,1,1,0,0
21,23,2,1,0,0,0,0
22,23,2,2,0,0,0,0
23,23,2,3,0,0,0,0
24,23,2,4,0,0,0,0
25,23,2,5,0,0,0,0
26,23,2,6,0,0,0,0
27,23,2,7,0,0,0,0
28,23,2,8,0,0,0,0
29,23,2,9,0,0,0,0
30,23,3,0,1,1,0,0
31,23,3,1,0,0,0,0
32,23,3,2,0,0,0,0
33,23,3,3,0,0,0,0
34,23,3,4,0,0,0,0
35,23,3,5,0,0,0,0
36,23,3,6,0,0,0,0
37,23,3,7,0,0,0,0
38,23,3,8,0,0,0,0
39,23,3,9,0,0,0,0
40,23,4,0,1,1,0,0
41,23,4,1,0,0,0,0
42,23,4,2,0,0,0,0
43,23,4,3,0,0,0,0
44,23,4,4,0,0,0,0
45,23,4,5,0,0,0,0
46,23,4,6,0,0,0,0
47,23,4,7,0,0,0,0
48,23,4,8,0,0,0,0
49,23,4,9,0,0,0,0
50,23,5,0,1,1,0,0
51,23,5,1,0,0,0,0
52,23,5,2,0,0,0,0
53,23,5,3,0,0,0,0
54,23,5,4,0,0,0,0
55,23,5,5,0,0,0,0
56,23,5,6,0,0,0,0
57,23,5,7,0,0,0,0
58,23,5,8,0,0,0,0
59,23,5,9,0,0,0,0
60,23,6,0,1,1,0,0
61,23,6,1,0,0,0,0
62,23,6,2,0,0,0,0
63,23,6,3,0,0,0,0
64,23,6,4,0,0,0,0
65,23,6,5,0,0,0,0
66,23,6,6,0,0,0,0
67,23,6,7,0,0,0,0
68,23,6,8,0,0,0,0
69,23,6,9,0,0,0,0
70,23,7,0,1,1,0,0
71,23,7,1,0,0,0,0
72,23,7,2,0,0,0,0
73,23,7,3,0,0,0,0
74,23,7,4,0,0,0,0
75,23,7,5,0,0,0,0
76,23,7,6,0,0,0,0
77,23,7,7,0,0,0,0
78,23,7,8,0,0,0,0
79,23,7,9,0,0,0,0
80,23,8,0,1,1,1,0
81,23,8,1,0,0,0,0
82,23,8,2,0,0,0,0
83,23,8,3,0,0,1,0
84,23,8,4,0,0,0,0
85,23,8,5,0,0,0,0
86,23,8,6,0,0,0,0
87,23,8,7,0,0,0,0
88,23,8,8,0,0,0,0
89,23,8,9,0,0,0,0
90,23,9,0,1,1,0,0
91,23,9,1,0,0,0,0
92,23,9,2,0,0,0,0
93,23,9,3,0,0,0,0
94,23,9,4,0,0,0,0
95,23,9,5,0,0,0,0
96,23,9,6,0,0,0,0
97,23,9,7,0,0,0,0
98,23,9,8,0,0,0,0
99,23,9,9,0,0,0,0
0,24,0,0,1,1,0,0
1,24,0,1,0,0,0,1
2,24,0,2,0,0,0,0
3,24,0,3,0,0,0,1
4,24,0,4,0,0,0,1
5,24,0,5,0,0,0,0
6,24,0,6,0,0,0,1
7,24,0,7,0,0,0,1
8,24,0,8,0,0,1,0
9,24,0,9,0,0,0,0
10,24,1,0,1,1,0,0
11,24,1,1,0,0,0,0
12,24,1,2,0,0,0,0
13,24,1,3,0,0,0,0
14,24,1,4,0,0,0,0
15,24,1,5,0,0,0,0
16,24,1,6,0,0,0,0
17,24,1,7,0,0,0,0
18,24,1,8,0,0,0,0
19,24,1,9,0,0,0,0
20,24,2,0,1,1,1,0
21,24,2,1,0,0,0,0
22,24,2,2,0,0,0,0
23,24,2,3,0,0,0,0
24,24,2,4,0,0,0,0
25,24,2,5,0,0,0,0
26,24,2,6,0,0,0,0
27,24,2,7,0,0,0,0
28,24,2,8,0,0,1,0
29,24,2,9,0,0,0,0
30,24,3,0,1,1,0,0
31,24,3,1,0,0,0,0
32,24,3,2,0,0,0,0
33,24,3,3,0,0,0,0
34,24,3,4,0,0,0,0
35,24,3,5,0,0,0,0
36,24,3,6,0,0,0,0
37,24,3,7,0,0,0,0
38,24,3,8,0,0,0,0
39,24,3,9,0,0,0,0
40,24,4,0,1,1,1,1
41,24,4,1,0,0,0,0
42,24,4,2,0,0,0,1
43,24,4,3,0,0,0,0
44,24,4,4,0,0,0,0
45,24,4,5,0,0,0,0
46,24,4,6,0,0,0,0
47,24,4,7,0,0,0,1
48,24,4,8,0,0,1,0
49,24,4,9,0,0,0,0
50,24,5,0,1,1,0,0
51,24,5,1,0,0,0,0
52,24,5,2,0,0,0,0
53,24,5,3,0,0,0,0
54,24,5,4,0,0,0,0
55,24,5,5,0,0,0,0
56,24,5,6,0,0,0,0
57,24,5,7,0,0,0,0
58,24,5,8,0,0,0,0
59,24,5,9,0,0,0,0
60,24,6,0,1,1,0,0
61,24,6,1,0,0,0,0
62,24,6,2,0,0,0,0
63,24,6,3,0,0,0,0
64,24,6,4,0,0,0,0
65,24,6,5,0,0,0,0
66,24,6,6,0,0,0,0
67,24,6,7,0,0,0,0
68,24,6,8,0,0,0,0
69,24,6,9,0,0,0,0
70,24,7,0,1,1,0,0
71,24,7,1,0,0,0,0
72,24,7,2,0,0,0,0
73,24,7,3,0,0,0,0
74,24,7,4,0,0,0,1
75,24,7,5,0,0,0,0
76,24,7,6,0,0,0,0
77,24,7,7,0,0,0,0
78,24,7,8,0,0,1,0
79,24,7,9,0,0,0,0
80,24,8,0,1,1,0,0
81,24,8,1,0,0,0,0
82,24,8,2,0,0,0,0
83,24,8,3,0,0,0,0
84,24,8,4,0,0,0,0
85,24,8,5,0,0,0,0
86,24,8,6,0,0,0,0
87,24,8,7,0,0,0,0
88,24,8,8,0,0,0,0
89,24,8,9,0,0,0,0
90,24,9,0,1,1,0,0
91,24,9,1,0,0,0,0
92,24,9,2,0,0,0,0
93,24,9,3,0,0,0,0
94,24,9,4,0,0,0,0
95,24,9,5,0,0,0,0
96,24,9,6,0,0,0,0
97,24,9,7,0,0,0,0
98,24,9,8,0,0,0,0
99,24,9,9,0,0,0,0
0,25,0,0,1,1,0,0
1,25,0,1,0,0,0,0
2,25,0,2,0,0,0,0
3,25,0,3,0,0,0,0
4,25,0,4,0,0,0,0
5,25,0,5,0,0,0,0
6,25,0,6,0,0,0,0
7,25,0,7,0,0,0,0
8,25,0,8,0,0,0,0
9,25,0,9,0,0,1,0
10,25,1,0,1,1,0,0
11,25,1,1,0,0,0,0
12,25,1,2,0,0,0,0
13,25,1,3,0,0,0,0
14,25,1,4,0,0,0,0
15,25,1,5,0,0,0,1
16,25,1,6,0,0,0,0
17,25,1,7,0,0,0,0
18,25,1,8,0,0,0,0
19,25,1,9,0,0,1,0
20,25,2,0,1,1,0,0
21,25,2,1,0,0,0,0
22,25,2,2,0,0,0,0
23,25,2,3,0,0,0,0
24,25,2,4,0,0,0,0
25,25,2,5,0,0,0,0
26,25,2,6,0,0,0,0
27,25,2,7,0,0,0,0
28,25,2,8,0,0,0,0
29,25,2,9,0,0,0,0
30,25,3,0,1,1,0,0
31,25,3,1,0,0,0,0
32,25,3,2,0,0,0,0
33,25,3,3,0,0,0,0
34,25,3,4,0,0,0,0
35,25,3,5,0,0,0,0
36,25,3,6,0,0,0,0
37,25,3,7,0,0,0,0
38,25,3,8,0,0,0,0
39,25,3,9,0,0,0,0
40,25,4,0,1,1,0,0
41,25,4,1,0,0,0,0
42,25,4,2,0,0,0,0
43,25,4,3,0,0,0,0
44,25,4,4,0,0,0,0
45,25,4,5,0,0,0,0
46,25,4,6,0,0,0,0
47,25,4,7,0,0,0,0
48,25,4,8,0,0,0,0
49,25,4,9,0,0,0,0
50,25,5,0,1,1,0,0
51,25,5,1,0,0,0,0
52,25,5,2,0,0,0,0
53,25,5,3,0,0,0,0
54,25,5,4,0,0,0,0
55,25,5,5,0,0,0,0
56,25,5,6,0,0,0,0
57,25,5,7,0,0,0,0
58,25,5,8,0,0,0,0
59,25,5,9,0,0,0,0
60,25,6,0,1,1,0,0
61,25,6,1,0,0,0,0
62,25,6,2,0,0,0,0
63,25,6,3,0,0,0,0
64,25,6,4,0,0,0,0
65,25,6,5,0,0,0,0
66,25,6,6,0,0,0,0
67,25,6,7,0,0,0,0
68,25,6,8,0,0,0,0
69,25,6,9,0,0,0,0
70,25,7,0,1,1,0,0
71,25,7,1,0,0,0,0
72,25,7,2,0,0,0,0
73,25,7,3,0,0,0,0
74,25,7,4,0,0,0,0
75,25,7,5,0,0,0,0
76,25,7,6,0,0,0,0
77,25,7,7,0,0,0,0
78,25,7,8,0,0,0,0
79,25,7,9,0,0,0,0
80,25,8,0,1,1,0,0
81,25,8,1,0,0,0,0
82,25,8,2,0,0,0,0
83,25,8,3,0,0,0,0
84,25,8,4,0,0,0,0
85,25,8,5,0,0,0,0
86,25,8,6,0,0,0,0
87,25,8,7,0,0,0,0
88,25,8,8,0,0,0,0
89,25,8,9,0,0,0,0
90,25,9,0,1,1,0,0
91,25,9,1,0,0,0,0
92,25,9,2,0,0,0,0
93,25,9,3,0,0,0,0
94,25,9,4,0,0,0,0
95,25,9,5,0,0,0,0
96,25,9,6,0,0,0,0
97,25,9,7,0,0,0,0
98,25,9,8,0,0,0,0
99,25,9,9,0,0,0,0
0,26,0,0,1,1,0,0
1,26,0,1,0,0,1,0
2,26,0,2,0,0,0,0
3,26,0,3,0,0,0,0
4,26,0,4,0,0,0,0
5,26,0,5,0,0,0,0
6,26,0,6,0,0,0,0
7,26,0,7,0,0,0,0
8,26,0,8,0,0,0,0
9,26,0,9,0,0,0,1
10,26,1,0,1,1,0,0
11,26,1,1,0,0,0,0
12,26,1,2,0,0,0,0
13,26,1,3,0,0,0,0
14,26,1,4,0,0,0,0
15,26,1,5,0,0,0,0
16,26,1,6,0,0,0,0
17,26,1,7,0,0,0,0
18,26,1,8,0,0,0,0
19,26,1,9,0,0,0,0
20,26,2,0,1,1,0,0
21,26,2,1,0,0,0,0
22,26,2,2,0,0,0,0
23,26,2,3,0,0,0,0
24,26,2,4,0,0,0,0
25,26,2,5,0,0,0,0
26,26,2,6,0,0,0,0
27,26,2,7,0,0,0,0
28,26,2,8,0,0,0,0
29,26,2,9,0,0,0,0
30,26,3,0,1,1,0,0
31,26,3,1,0,0,0,0
32,26,3,2,0,0,0,0
33,26,3,3,0,0,0,0
34,26,3,4,0,0,0,0
35,26,3,5,0,0,0,0
36,26,3,6,0,0,0,0
37,26,3,7,0,0,0,0
38,26,3,8,0,0,0,0
39,26,3,9,0,0,0,0
40,26,4,0,1,1,0,0
41,26,4,1,0,0,0,0
42,26,4,2,0,0,0,0
43,26,4,3,0,0,0,0
44,26,4,4,0,0,0,0
45,26,4,5,0,0,0,0
46,26,4,6,0,0,0,0
47,26,4,7,0,0,0,0
48,26,4,8,0,0,0,0
49,26,4,9,0,0,0,0
50,26,5,0,1,1,0,0
51,26,5,1,0,0,0,0
52,26,5,2,0,0,0,0
53,26,5,3,0,0,0,0
54,26,5,4,0,0,0,0
55,26,5,5,0,0,0,0
56,26,5,6,0,0,0,0
57,26,5,7,0,0,0,0
58,26,5,8,0,0,0,0
59,26,5,9,0,0,0,0
60,26,6,0,1,1,0,0
61,26,6,1,0,0,0,0
62,26,6,2,0,0,0,0
63,26,6,3,0,0,0,0
64,26,6,4,0,0,0,0
65,26,6,5,0,0,0,0
66,26,6,6,0,0,0,0
67,26,6,7,0,0,0,0
68,26,6,8,0,0,0,0
69,26,6,9,0,0,0,0
70,26,7,0,1,1,0,0
71,26,7,1,0,0,1,0
72,26,7,2,0,0,0,0
73,26,7,3,0,0,0,0
74,26,7,4,0,0,0,0
75,26,7,5,0,0,0,0
76,26,7,6,0,0,0,0
77,26,7,7,0,0,0,0
78,26,7,8,0,0,0,0
79,26,7,9,0,0,0,0
80,26,8,0,1,1,0,0
81,26,8,1,0,0,0,0
82,26,8,2,0,0,0,0
83,26,8,3,0,0,0,0
84,26,8,4,0,0,0,0
85,26,8,5,0,0,0,0
86,26,8,6,0,0,0,0
87,26,8,7,0,0,0,0
88,26,8,8,0,0,0,0
89,26,8,9,0,0,0,0
90,26,9,0,1,1,0,0
91,26,9,1,0,0,0,0
92,26,9,2,0,0,0,0
93,26,9,3,0,0,0,0
94,26,9,4,0,0,0,0
95,26,9,5,0,0,0,0
96,26,9,6,0,0,0,0
97,26,9,7,0,0,0,0
98,26,9,8,0,0,0,0
99,26,9,9,0,0,0,0
0,27,0,0,1,1,0,0
1,27,0,1,0,0,0,0
2,27,0,2,0,0,0,0
3,27,0,3,0,0,0,0
4,27,0,4,0,0,0,0
5,27,0,5,0,0,0,1
6,27,0,6,0,0,1,0
7,27,0,7,0,0,0,0
8,27,0,8,0,0,0,0
9,27,0,9,0,0,0,0
10,27,1,0,1,1,0,0
11,27,1,1,0,0,0,0
12,27,1,2,0,0,0,0
13,27,1,3,0,0,0,0
14,27,1,4,0,0,0,0
15,27,1,5,0,0,0,0
16,27,1,6,0,0,0,0
17,27,1,7,0,0,0,0
18,27,1,8,0,0,0,0
19,27,1,9,0,0,0,0
20,27,2,0,1,1,0,0
21,27,2,1,0,0,0,0
22,27,2,2,0,0,0,0
23,27,2,3,0,0,0,0
24,27,2,4,0,0,0,0
25,27,2,5,0,0,0,0
26,27,2,6,0,0,0,0
27,27,2,7,0,0,0,0
28,27,2,8,0,0,0,0
29,27,2,9,0,0,0,0
30,27,3,0,1,1,0,0
31,27,3,1,0,0,0,0
32,27,3,2,0,0,0,0
33,27,3,3,0,0,0,0
34,27,3,4,0,0,0,0
35,27,3,5,0,0,0,0
36,27,3,6,0,0,0,0
37,27,3,7,0,0,0,0
38,27,3,8,0,0,0,0
39,27,3,9,0,0,0,0
40,27,4,0,1,1,0,0
41,27,4,1,0,0,0,0
42,27,4,2,0,0,0,0
43,27,4,3,0,0,0,0
44,27,4,4,0,0,0,0
45,27,4,5,0,0,0,0
46,27,4,6,0,0,0,0
47,27,4,7,0,0,0,0
48,27,4,8,0,0,0,0
49,27,4,9,0,0,0,0
50,27,5,0,1,1,0,0
51,27,5,1,0,0,0,0
52,27,5,2,0,0,0,0
53,27,5,3,0,0,0,0
54,27,5,4,0,0,0,0
55,27,5,5,0,0,0,0
56,27,5,6,0,0,0,0
57,27,5,7,0,0,0,0
58,27,5,8,0,0,0,0
59,27,5,9,0,0,0,0
60,27,6,0,1,1,0,0
61,27,6,1,0,0,0,0
62,27,6,2,0,0,0,0
63,27,6,3,0,0,0,0
64,27,6,4,0,0,0,0
65,27,6,5,0,0,0,0
66,27,6,6,0,0,0,0
67,27,6,7,0,0,0,0
68,27,6,8,0,0,0,0
69,27,6,9,0,0,0,0
70,27,7,0,1,1,0,0
71,27,7,1,0,0,0,0
72,27,7,2,0,0,0,0
73,27,7,3,0,0,0,0
74,27,7,4,0,0,0,0
75,27,7,5,0,0,0,0
76,27,7,6,0,0,0,0
77,27,7,7,0,0,0,0
78,27,7,8,0,0,0,0
79,27,7,9,0,0,0,0
80,27,8,0,1,1,0,0
81,27,8,1,0,0,0,0
82,27,8,2,0,0,0,0
83,27,8,3,0,0,0,0
84,27,8,4,0,0,0,0
85,27,8,5,0,0,0,0
86,27,8,6,0,0,0,0
87,27,8,7,0,0,0,0
88,27,8,8,0,0,0,0
89,27,8,9,0,0,0,0
90,27,9,0,1,1,0,0
91,27,9,1,0,0,0,0
92,27,9,2,0,0,0,0
93,27,9,3,0,0,0,0
94,27,9,4,0,0,0,0
95,27,9,5,0,0,0,0
96,27,9,6,0,0,0,0
97,27,9,7,0,0,0,0
98,27,9,8,0,0,0,0
99,27,9,9,0,0,0,0
0,28,0,0,1,1,0,0
1,28,0,1,0,0,0,0
2,28,0,2,0,0,0,0
3,28,0,3,0,0,0,0
4,28,0,4,0,0,0,0
5,28,0,5,0,0,0,0
6,28,0,6,0,0,0,0
7,28,0,7,0,0,0,0
8,28,0,8,0,0,0,0
9,28,0,9,0,0,0,0
10,28,1,0,1,1,0,0
11,28,1,1,0,0,0,0
12,28,1,2,0,0,0,0
13,28,1,3,0,0,0,0
14,28,1,4,0,0,0,0
15,28,1,5,0,0,0,0
16,28,1,6,0,0,0,0
17,28,1,7,0,0,0,0
18,28,1,8,0,0,0,0
19,28,1,9,0,0,0,0
20,28,2,0,1,1,0,0
21,28,2,1,0,0,0,0
22,28,2,2,0,0,0,0
23,28,2,3,0,0,0,0
24,28,2,4,0,0,0,0
25,28,2,5,0,0,0,0
26,28,2,6,0,0,0,0
27,28,2,7,0,0,0,0
28,28,2,8,0,0,0,0
29,28,2,9,0,0,0,0
30,28,3,0,1,1,0,0
31,28,3,1,0,0,0,0
32,28,3,2,0,0,0,0
33,28,3,3,0,0,0,0
34,28,3,4,0,0,0,0
35,28,3,5,0,0,0,0
36,28,3,6,0,0,0,0
37,28,3,7,0,0,0,0
38,28,3,8,0,0,0,0
39,28,3,9,0,0,0,0
40,28,4,0,1,1,0,0
41,28,4,1,0,0,0,0
42,28,4,2,0,0,0,0
43,28,4,3,0,0,0,0
44,28,4,4,0,0,0,0
45,28,4,5,0,0,0,0
46,28,4,6,0,0,0,0
47,28,4,7,0,0,0,0
48,28,4,8,0,0,0,0
49,28,4,9,0,0,0,0
50,28,5,0,1,1,0,0
51,28,5,1,0,0,0,0
52,28,5,2,0,0,0,0
53,28,5,3,0,0,0,0
54,28,5,4,0,0,0,0
55,28,5,5,0,0,0,0
56,28,5,6,0,0,0,0
57,28,5,7,0,0,0,0
58,28,5,8,0,0,0,0
59,28,5,9,0,0,0,0
60,28,6,0,1,1,0,0
61,28,6,1,0,0,0,0
62,28,6,2,0,0,0,0
63,28,6,3,0,0,0,0
64,28,6,4,0,0,0,0
65,28,6,5,0,0,0,0
66,28,6,6,0,0,0,0
67,28,6,7,0,0,0,0
68,28,6,8,0,0,0,0
69,28,6,9,0,0,0,0
70,28,7,0,1,1,0,0
71,28,7,1,0,0,0,0
72,28,7,2,0,0,0,0
73,28,7,3,0,0,0,0
74,28,7,4,0,0,0,0
75,28,7,5,0,0,0,0
76,28,7,6,0,0,0,0
77,28,7,7,0,0,0,0
78,28,7,8,0,0,0,0
79,28,7,9,0,0,0,0
80,28,8,0,1,1,0,0
81,28,8,1,0,0,0,0
82,28,8,2,0,0,0,0
83,28,8,3,0,0,0,0
84,28,8,4,0,0,0,0
85,28,8,5,0,0,0,0
86,28,8,6,0,0,0,0
87,28,8,7,0,0,0,0
88,28,8,8,0,0,0,0
89,28,8,9,0,0,0,0
90,28,9,0,1,1,0,0
91,28,9,1,0,0,0,0
92,28,9,2,0,0,0,0
93,28,9,3,0,0,0,0
94,28,9,4,0,0,0,0
95,28,9,5,0,0,0,0
96,28,9,6,0,0,0,0
97,28,9,7,0,0,0,0
98,28,9,8,0,0,0,0
99,28,9,9,0,0,0,0
0,29,0,0,1,1,0,0
1,29,0,1,0,0,0,0
2,29,0,2,0,0,0,0
3,29,0,3,0,0,0,0
4,29,0,4,0,0,0,0
5,29,0,5,0,0,0,0
6,29,0,6,0,0,0,0
7,29,0,7,0,0,0,0
8,29,0,8,0,0,0,0
9,29,0,9,0,0,0,0
10,29,1,0,1,1,0,0
11,29,1,1,0,0,0,0
12,29,1,2,0,0,0,0
13,29,1,3,0,0,0,0
14,29,1,4,0,0,0,0
15,29,1,5,0,0,0,0
16,29,1,6,0,0,0,0
17,29,1,7,0,0,0,0
18,29,1,8,0,0,0,0
19,29,1,9,0,0,0,0
20,29,2,0,1,1,0,0
21,29,2,1,0,0,0,0
22,29,2,2,0,0,0,0
23,29,2,3,0,0,0,0
24,29,2,4,0,0,0,0
25,29,2,5,0,0,0,0
26,29,2,6,0,0,0,0
27,29,2,7,0,0,0,0
28,29,2,8,0,0,0,0
29,29,2,9,0,0,0,0
30,29,3,0,1,1,0,0
31,29,3,1,0,0,0,0
32,29,3,2,0,0,0,0
33,29,3,3,0,0,0,0
34,29,3,4,0,0,0,0
35,29,3,5,0,0,0,0
36,29,3,6,0,0,0,0
37,29,3,7,0,0,0,0
38,29,3,8,0,0,0,0
39,29,3,9,0,0,0,0
40,29,4,0,1,1,0,0
41,29,4,1,0,0,0,0
42,29,4,2,0,0,0,0
43,29,4,3,0,0,0,0
44,29,4,4,0,0,0,0
45,29,4,5,0,0,0,0
46,29,4,6,0,0,0,0
47,29,4,7,0,0,0,0
48,29,4,8,0,0,0,0
49,29,4,9,0,0,0,0
50,29,5,0,1,1,0,0
51,29,5,1,0,0,0,0
52,29,5,2,0,0,0,0
53,29,5,3,0,0,0,0
54,29,5,4,0,0,0,0
55,29,5,5,0,0,0,0
56,29,5,6,0,0,0,0
57,29,5,7,0,0,0,0
58,29,5,8,0,0,0,0
59,29,5,9,0,0,0,0
60,29,6,0,1,1,0,0
61,29,6,1,0,0,0,0
62,29,6,2,0,0,0,0
63,29,6,3,0,0,0,0
64,29,6,4,0,0,0,0
65,29,6,5,0,0,0,0
66,29,6,6,0,0,0,0
67,29,6,7,0,0,0,0
68,29,6,8,0,0,0,0
69,29,6,9,0,0,0,0
70,29,7,0,1,1,0,0
71,29,7,1,0,0,0,0
72,29,7,2,0,0,0,0
73,29,7,3,0,0,0,0
74,29,7,4,0,0,0,0
75,29,7,5,0,0,0,0
76,29,7,6,0,0,0,0
77,29,7,7,0,0,0,0
78,29,7,8,0,0,0,0
79,29,7,9,0,0,0,0
80,29,8,0,1,1,0,0
81,29,8,1,0,0,0,0
82,29,8,2,0,0,0,0
83,29,8,3,0,0,0,0
84,29,8,4,0,0,0,0
85,29,8,5,0,0,0,0
86,29,8,6,0,0,0,0
87,29,8,7,0,0,0,0
88,29,8,8,0,0,0,0
89,29,8,9,0,0,0,0
90,29,9,0,1,1,0,0
91,29,9,1,0,0,0,0
92,29,9,2,0,0,0,0
93,29,9,3,0,0,0,0
94,29,9,4,0,0,0,0
95,29,9,5,0,0,0,0
96,29,9,6,0,0,0,0
97,29,9,7,0,0,0,0
98,29,9,8,0,0,0,0
99,29,9,9,0,0,0,0
0,30,0,0,1,1,0,0
1,30,0,1,0,0,0,0
2,30,0,2,0,0,0,0
3,30,0,3,0,0,0,0
4,30,0,4,0,0,0,0
5,30,0,5,0,0,0,0
6,30,0,6,0,0,0,0
7,30,0,7,0,0,0,0
8,30,0,8,0,0,0,0
9,30,0,9,0,0,0,0
10,30,1,0,1,1,0,0
11,30,1,1,0,0,0,0
12,30,1,2,0,0,0,0
13,30,1,3,0,0,0,0
14,30,1,4,0,0,0,0
15,30,1,5,0,0,0,0
16,30,1,6,0,0,0,0
17,30,1,7,0,0,0,0
18,30,1,8,0,0,0,0
19,30,1,9,0,0,0,0
20,30,2,0,1,1,0,0
21,30,2,1,0,0,0,0
22,30,2,2,0,0,0,0
23,30,2,3,0,0,0,0
24,30,2,4,0,0,0,0
25,30,2,5,0,0,0,0
26,30,2,6,0,0,0,0
27,30,2,7,0,0,0,0
28,30,2,8,0,0,0,0
29,30,2,9,0,0,0,0
30,30,3,0,1,1,0,0
31,30,3,1,0,0,1,0
32,30,3,2,0,0,0,0
33,30,3,3,0,0,0,0
34,30,3,4,0,0,1,0
35,30,3,5,0,0,0,0
36,30,3,6,0,0,0,0
37,30,3,7,0,0,0,0
38,30,3,8,0,0,0,0
39,30,3,9,0,0,0,0
40,30,4,0,1,1,0,0
41,30,4,1,0,0,1,0
42,30,4,2,0,0,0,0
43,30,4,3,0,0,1,0
44,30,4,4,0,0,0,0
45,30,4,5,0,0,0,0
46,30,4,6,0,0,0,0
47,30,4,7,0,0,0,0
48,30,4,8,0,0,0,0
49,30,4,9,0,0,0,0
50,30,5,0,1,1,0,0
51,30,5,1,0,0,0,0
52,30,5,2,0,0,0,0
53,30,5,3,0,0,0,0
54,30,5,4,0,0,0,0
55,30,5,5,0,0,0,0
56,30,5,6,0,0,0,0
57,30,5,7,0,0,0,0
58,30,5,8,0,0,0,0
59,30,5,9,0,0,0,0
60,30,6,0,1,1,0,0
61,30,6,1,0,0,0,0
62,30,6,2,0,0,0,0
63,30,6,3,0,0,0,0
64,30,6,4,0,0,0,0
65,30,6,5,0,0,0,0
66,30,6,6,0,0,0,0
67,30,6,7,0,0,0,0
68,30,6,8,0,0,0,0
69,30,6,9,0,0,0,0
70,30,7,0,1,1,0,0
71,30,7,1,0,0,1,0
72,30,7,2,0,0,0,0
73,30,7,3,0,0,1,0
74,30,7,4,0,0,1,0
75,30,7,5,0,0,0,0
76,30,7,6,0,0,0,0
77,30,7,7,0,0,0,0
78,30,7,8,0,0,0,0
79,30,7,9,0,0,0,0
80,30,8,0,1,1,0,0
81,30,8,1,0,0,0,0
82,30,8,2,0,0,0,0
83,30,8,3,0,0,0,0
84,30,8,4,0,0,0,0
85,30,8,5,0,0,0,0
86,30,8,6,0,0,0,0
87,30,8,7,0,0,0,0
88,30,8,8,0,0,0,0
89,30,8,9,0,0,0,0
90,30,9,0,1,1,0,0
91,30,9,1,0,0,0,0
92,30,9,2,0,0,0,0
93,30,9,3,0,0,0,0
94,30,9,4,0,0,0,0
95,30,9,5,0,0,0,0
96,30,9,6,0,0,0,0
97,30,9,7,0,0,0,0
98,30,9,8,0,0,0,0
99,30,9,9,0,0,0,0
0,31,0,0,1,1,0,0
1,31,0,1,0,0,0,0
2,31,0,2,0,0,0,0
3,31,0,3,0,0,0,0
4,31,0,4,0,0,0,0
5,31,0,5,0,0,0,0
6,31,0,6,0,0,0,0
7,31,0,7,0,0,0,0
8,31,0,8,0,0,0,0
9,31,0,9,0,0,0,0
10,31,1,0,1,1,0,0
11,31,1,1,0,0,0,0
12,31,1,2,0,0,0,0
13,31,1,3,0,0,0,0
14,31,1,4,0,0,0,0
15,31,1,5,0,0,0,0
16,31,1,6,0,0,0,0
17,31,1,7,0,0,0,0
18,31,1,8,0,0,0,0
19,31,1,9,0,0,0,0
20,31,2,0,1,1,0,0
21,31,2,1,0,0,0,0
22,31,2,2,0,0,0,0
23,31,2,3,0,0,1,0
24,31,2,4,0,0,0,0
25,31,2,5,0,0,1,0
26,31,2,6,0,0,0,0
27,31,2,7,0,0,0,0
28,31,2,8,0,0,0,0
29,31,2,9,0,0,0,0
30,31,3,0,1,1,0,0
31,31,3,1,0,0,0,0
32,31,3,2,0,0,0,0
33,31,3,3,0,0,0,0
34,31,3,4,0,0,0,0
35,31,3,5,0,0,0,0
36,31,3,6,0,0,0,0
37,31,3,7,0,0,0,0
38,31,3,8,0,0,0,0
39,31,3,9,0,0,0,0
40,31,4,0,1,1,0,0
41,31,4,1,0,0,0,0
42,31,4,2,0,0,0,0
43,31,4,3,0,0,0,0
44,31,4,4,0,0,0,0
45,31,4,5,0,0,0,0
46,31,4,6,0,0,0,0
47,31,4,7,0,0,0,0
48,31,4,8,0,0,0,0
49,31,4,9,0,0,0,0
50,31,5,0,1,1,0,0
51,31,5,1,0,0,0,0
52,31,5,2,0,0,1,0
53,31,5,3,0,0,1,0
54,31,5,4,0,0,0,0
55,31,5,5,0,0,0,0
56,31,5,6,0,0,0,0
57,31,5,7,0,0,0,0
58,31,5,8,0,0,0,0
59,31,5,9,0,0,0,0
60,31,6,0,1,1,0,0
61,31,6,1,0,0,0,0
62,31,6,2,0,0,0,0
63,31,6,3,0,0,0,0
64,31,6,4,0,0,0,0
65,31,6,5,0,0,0,0
66,31,6,6,0,0,0,0
67,31,6,7,0,0,0,0
68,31,6,8,0,0,0,0
69,31,6,9,0,0,0,0
70,31,7,0,1,1,0,0
71,31,7,1,0,0,0,0
72,31,7,2,0,0,0,0
73,31,7,3,0,0,0,0
74,31,7,4,0,0,0,0
75,31,7,5,0,0,0,0
76,31,7,6,0,0,0,0
77,31,7,7,0,0,0,0
78,31,7,8,0,0,0,0
79,31,7,9,0,0,0,0
80,31,8,0,1,1,0,0
81,31,8,1,0,0,0,0
82,31,8,2,0,0,0,0
83,31,8,3,0,0,0,0
84,31,8,4,0,0,0,0
85,31,8,5,0,0,0,0
86,31,8,6,0,0,0,0
87,31,8,7,0,0,0,0
88,31,8,8,0,0,0,0
89,31,8,9,0,0,0,0
90,31,9,0,1,1,0,0
91,31,9,1,0,0,0,0
92,31,9,2,0,0,0,0
93,31,9,3,0,0,0,0
94,31,9,4,0,0,0,0
95,31,9,5,0,0,0,0
96,31,9,6,0,0,0,0
97,31,9,7,0,0,0,0
98,31,9,8,0,0,0,0
99,31,9,9,0,0,0,0
0,32,0,0,1,1,0,0
1,32,0,1,0,0,0,0
2,32,0,2,0,0,0,0
3,32,0,3,0,0,0,0
4,32,0,4,0,0,0,0
5,32,0,5,0,0,0,0
6,32,0,6,0,0,0,0
7,32,0,7,0,0,0,0
8,32,0,8,0,0,0,0
9,32,0,9,0,0,0,0
10,32,1,0,1,1,0,0
11,32,1,1,0,0,0,0
12,32,1,2,0,0,0,0
13,32,1,3,0,0,0,0
14,32,1,4,0,0,0,0
15,32,1,5,0,0,0,0
16,32,1,6,0,0,0,0
17,32,1,7,0,0,0,0
18,32,1,8,0,0,0,0
19,32,1,9,0,0,0,0
20,32,2,0,1,1,0,0
21,32,2,1,0,0,0,0
22,32,2,2,0,0,0,0
23,32,2,3,0,0,0,0
24,32,2,4,0,0,0,0
25,32,2,5,0,0,0,0
26,32,2,6,0,0,0,0
27,32,2,7,0,0,0,0
28,32,2,8,0,0,0,0
29,32,2,9,0,0,0,0
30,32,3,0,1,1,0,0
31,32,3,1,0,0,0,0
32,32,3,2,0,0,0,0
33,32,3,3,0,0,0,0
34,32,3,4,0,0,0,0
35,32,3,5,0,0,0,0
36,32,3,6,0,0,0,0
37,32,3,7,0,0,0,0
38,32,3,8,0,0,0,0
39,32,3,9,0,0,0,0
40,32,4,0,1,1,0,0
41,32,4,1,0,0,0,0
42,32,4,2,0,0,0,0
43,32,4,3,0,0,0,0
44,32,4,4,0,0,0,0
45,32,4,5,0,0,0,0
46,32,4,6,0,0,0,0
47,32,4,7,0,0,0,0
48,32,4,8,0,0,0,0
49,32,4,9,0,0,0,0
50,32,5,0,1,1,0,0
51,32,5,1,0,0,0,0
52,32,5,2,0,0,0,0
53,32,5,3,0,0,0,0
54,32,5,4,0,0,0,0
55,32,5,5,0,0,0,0
56,32,5,6,0,0,0,0
57,32,5,7,0,0,0,0
58,32,5,8,0,0,0,0
59,32,5,9,0,0,0,0
60,32,6,0,1,1,0,0
61,32,6,1,0,0,0,0
62,32,6,2,0,0,0,0
63,32,6,3,0,0,0,0
64,32,6,4,0,0,0,0
65,32,6,5,0,0,0,0
66,32,6,6,0,0,0,0
67,32,6,7,0,0,0,0
68,32,6,8,0,0,0,0
69,32,6,9,0,0,0,0
70,32,7,0,1,1,0,0
71,32,7,1,0,0,0,0
72,32,7,2,0,0,0,0
73,32,7,3,0,0,0,0
74,32,7,4,0,0,0,0
75,32,7,5,0,0,0,0
76,32,7,6,0,0,0,0
77,32,7,7,0,0,0,0
78,32,7,8,0,0,0,0
79,32,7,9,0,0,0,0
80,32,8,0,1,1,0,0
81,32,8,1,0,0,0,0
82,32,8,2,0,0,0,0
83,32,8,3,0,0,0,0
84,32,8,4,0,0,0,0
85,32,8,5,0,0,0,0
86,32,8,6,0,0,0,0
87,32,8,7,0,0,0,0
88,32,8,8,0,0,0,0
89,32,8,9,0,0,0,0
90,32,9,0,1,1,0,0
91,32,9,1,0,0,0,0
92,32,9,2,0,0,0,0
93,32,9,3,0,0,0,0
94,32,9,4,0,0,0,0
95,32,9,5,0,0,0,0
96,32,9,6,0,0,0,0
97,32,9,7,0,0,0,0
98,32,9,8,0,0,0,0
99,32,9,9,0,0,0,0
0,33,0,0,1,1,0,0
1,33,0,1,0,0,0,0
2,33,0,2,0,0,0,0
3,33,0,3,0,0,0,0
4,33,0,4,0,0,0,0
5,33,0,5,0,0,0,0
6,33,0,6,0,0,0,0
7,33,0,7,0,0,0,0
8,33,0,8,0,0,0,0
9,33,0,9,0,0,0,0
10,33,1,0,1,1,0,0
11,33,1,1,0,0,0,0
12,33,1,2,0,0,0,0
13,33,1,3,0,0,0,0
14,33,1,4,0,0,0,0
15,33,1,5,0,0,0,0
16,33,1,6,0,0,0,0
17,33,1,7,0,0,0,0
18,33,1,8,0,0,0,0
19,33,1,9,0,0,0,0
20,33,2,0,1,1,0,0
21,33,2,1,0,0,0,0
22,33,2,2,0,0,0,0
23,33,2,3,0,0,0,0
24,33,2,4,0,0,0,0
25,33,2,5,0,0,0,0
26,33,2,6,0,0,0,0
27,33,2,7,0,0,0,0
28,33,2,8,0,0,0,0
29,33,2,9,0,0,0,0
30,33,3,0,1,1,0,0
31,33,3,1,0,0,0,0
32,33,3,2,0,0,0,0
33,33,3,3,0,0,0,0
34,33,3,4,0,0,0,0
35,33,3,5,0,0,0,0
36,33,3,6,0,0,0,0
37,33,3,7,0,0,0,0
38,33,3,8,0,0,0,0
39,33,3,9,0,0,0,0
40,33,4,0,1,1,0,0
41,33,4,1,0,0,0,0
42,33,4,2,0,0,0,0
43,33,4,3,0,0,0,0
44,33,4,4,0,0,0,0
45,33,4,5,0,0,0,0
46,33,4,6,0,0,0,0
47,33,4,7,0,0,0,0
48,33,4,8,0,0,0,0
49,33,4,9,0,0,0,0
50,33,5,0,1,1,0,0
51,33,5,1,0,0,0,0
52,33,5,2,0,0,0,0
53,33,5,3,0,0,0,0
54,33,5,4,0,0,0,0
55,33,5,5,0,0,0,0
56,33,5,6,0,0,0,0
57,33,5,7,0,0,0,0
58,33,5,8,0,0,0,0
59,33,5,9,0,0,0,0
60,33,6,0,1,1,0,0
61,33,6,1,0,0,0,0
62,33,6,2,0,0,0,0
63,33,6,3,0,0,0,0
64,33,6,4,0,0,0,0
65,33,6,5,0,0,0,0
66,33,6,6,0,0,0,0
67,33,6,7,0,0,0,0
68,33,6,8,0,0,0,0
69,33,6,9,0,0,0,0
70,33,7,0,1,1,0,0
71,33,7,1,0,0,0,0
72,33,7,2,0,0,0,0
73,33,7,3,0,0,0,0
74,33,7,4,0,0,0,0
75,33,7,5,0,0,0,0
76,33,7,6,0,0,0,0
77,33,7,7,0,0,0,0
78,33,7,8,0,0,0,0
79,33,7,9,0,0,0,0
80,33,8,0,1,1,0,0
81,33,8,1,0,0,0,0
82,33,8,2,0,0,0,0
83,33,8,3,0,0,0,0
84,33,8,4,0,0,0,0
85,33,8,5,0,0,0,0
86,33,8,6,0,0,0,0
87,33,8,7,0,0,0,0
88,33,8,8,0,0,0,0
89,33,8,9,0,0,0,0
90,33,9,0,1,1,0,0
91,33,9,1,0,0,0,0
92,33,9,2,0,0,0,0
93,33,9,3,0,0,0,0
94,33,9,4,0,0,0,0
95,33,9,5,0,0,0,0
96,33,9,6,0,0,0,0
97,33,9,7,0,0,0,0
98,33,9,8,0,0,0,0
99,33,9,9,0,0,0,0
0,34,0,0,1,1,0,0
1,34,0,1,0,0,0,0
2,34,0,2,0,0,0,0
3,34,0,3,0,0,0,0
4,34,0,4,0,0,0,0
5,34,0,5,0,0,0,0
6,34,0,6,0,0,1,0
7,34,0,7,0,0,0,0
8,34,0,8,0,0,0,0
9,34,0,9,0,0,0,0
10,34,1,0,1,1,0,0
11,34,1,1,0,0,0,0
12,34,1,2,0,0,0,0
13,34,1,3,0,0,0,0
14,34,1,4,0,0,0,0
15,34,1,5,0,0,0,0
16,34,1,6,0,0,0,0
17,34,1,7,0,0,0,0
18,34,1,8,0,0,0,0
19,34,1,9,0,0,0,0
20,34,2,0,1,1,0,0
21,34,2,1,0,0,0,0
22,34,2,2,0,0,0,0
23,34,2,3,0,0,0,0
24,34,2,4,0,0,0,0
25,34,2,5,0,0,0,0
26,34,2,6,0,0,0,0
27,34,2,7,0,0,0,0
28,34,2,8,0,0,0,0
29,34,2,9,0,0,0,0
30,34,3,0,1,1,0,0
31,34,3,1,0,0,0,0
32,34,3,2,0,0,0,0
33,34,3,3,0,0,0,0
34,34,3,4,0,0,0,0
35,34,3,5,0,0,0,0
36,34,3,6,0,0,0,0
37,34,3,7,0,0,0,0
38,34,3,8,0,0,0,0
39,34,3,9,0,0,0,0
40,34,4,0,1,1,0,0
41,34,4,1,0,0,0,0
42,34,4,2,0,0,0,0
43,34,4,3,0,0,0,0
44,34,4,4,0,0,0,0
45,34,4,5,0,0,0,0
46,34,4,6,0,0,0,0
47,34,4,7,0,0,0,0
48,34,4,8,0,0,0,0
49,34,4,9,0,0,0,0
50,34,5,0,1,1,0,0
51,34,5,1,0,0,0,0
52,34,5,2,0,0,0,0
53,34,5,3,0,0,0,0
54,34,5,4,0,0,0,0
55,34,5,5,0,0,0,0
56,34,5,6,0,0,0,0
57,34,5,7,0,0,0,0
58,34,5,8,0,0,0,0
59,34,5,9,0,0,0,0
60,34,6,0,1,1,0,0
61,34,6,1,0,0,0,0
62,34,6,2,0,0,0,0
63,34,6,3,0,0,0,0
64,34,6,4,0,0,0,0
65,34,6,5,0,0,0,0
66,34,6,6,0,0,0,0
67,34,6,7,0,0,0,0
68,34,6,8,0,0,0,0
69,34,6,9,0,0,0,0
70,34,7,0,1,1,0,0
71,34,7,1,0,0,0,0
72,34,7,2,0,0,0,0
73,34,7,3,0,0,0,0
74,34,7,4,0,0,0,0
75,34,7,5,0,0,0,0
76,34,7,6,0,0,0,0
77,34,7,7,0,0,0,0
78,34,7,8,0,0,0,0
79,34,7,9,0,0,0,0
80,34,8,0,1,1,0,0
81,34,8,1,0,0,0,0
82,34,8,2,0,0,0,0
83,34,8,3,0,0,0,0
84,34,8,4,0,0,0,0
85,34,8,5,0,0,0,0
86,34,8,6,0,0,0,0
87,34,8,7,0,0,0,0
88,34,8,8,0,0,0,0
89,34,8,9,0,0,0,0
90,34,9,0,1,1,0,0
91,34,9,1,0,0,0,0
92,34,9,2,0,0,0,0
93,34,9,3,0,0,0,0
94,34,9,4,0,0,0,0
95,34,9,5,0,0,0,0
96,34,9,6,0,0,0,0
97,34,9,7,0,0,0,0
98,34,9,8,0,0,0,0
99,34,9,9,0,0,0,0
0,35,0,0,1,1,0,0
1,35,0,1,0,0,0,0
2,35,0,2,0,0,0,0
3,35,0,3,0,0,0,0
4,35,0,4,0,0,0,0
5,35,0,5,0,0,0,0
6,35,0,6,0,0,0,0
7,35,0,7,0,0,0,0
8,35,0,8,0,0,0,0
9,35,0,9,0,0,0,0
10,35,1,0,1,1,0,0
11,35,1,1,0,0,0,0
12,35,1,2,0,0,0,0
13,35,1,3,0,0,0,0
14,35,1,4,0,0,0,0
15,35,1,5,0,0,0,0
16,35,1,6,0,0,0,0
17,35,1,7,0,0,0,0
18,35,1,8,0,0,0,0
19,35,1,9,0,0,0,0
20,35,2,0,1,1,0,0
21,35,2,1,0,0,0,0
22,35,2,2,0,0,0,0
23,35,2,3,0,0,0,0
24,35,2,4,0,0,0,0
25,35,2,5,0,0,0,0
26,35,2,6,0,0,0,0
27,35,2,7,0,0,0,0
28,35,2,8,0,0,0,0
29,35,2,9,0,0,0,0
30,35,3,0,1,1,0,0
31,35,3,1,0,0,0,0
32,35,3,2,0,0,0,0
33,35,3,3,0,0,0,0
34,35,3,4,0,0,0,0
35,35,3,5,0,0,0,0
36,35,3,6,0,0,0,0
37,35,3,7,0,0,0,0
38,35,3,8,0,0,0,0
39,35,3,9,0,0,1,0
40,35,4,0,1,1,0,0
41,35,4,1,0,0,0,0
42,35,4,2,0,0,0,0
43,35,4,3,0,0,0,0
44,35,4,4,0,0,0,0
45,35,4,5,0,0,0,0
46,35,4,6,0,0,0,0
47,35,4,7,0,0,0,0
48,35,4,8,0,0,0,0
49,35,4,9,0,0,0,0
50,35,5,0,1,1,0,0
51,35,5,1,0,0,0,0
52,35,5,2,0,0,0,0
53,35,5,3,0,0,0,0
54,35,5,4,0,0,0,0
55,35,5,5,0,0,0,0
56,35,5,6,0,0,0,0
57,35,5,7,0,0,0,0
58,35,5,8,0,0,0,0
59,35,5,9,0,0,0,0
60,35,6,0,1,1,0,0
61,35,6,1,0,0,0,0
62,35,6,2,0,0,0,0
63,35,6,3,0,0,0,0
64,35,6,4,0,0,0,0
65,35,6,5,0,0,0,0
66,35,6,6,0,0,0,0
67,35,6,7,0,0,0,0
68,35,6,8,0,0,0,0
69,35,6,9,0,0,0,0
70,35,7,0,1,1,0,0
71,35,7,1,0,0,0,0
72,35,7,2,0,0,0,0
73,35,7,3,0,0,1,0
74,35,7,4,0,0,0,0
75,35,7,5,0,0,0,0
76,35,7,6,0,0,0,0
77,35,7,7,0,0,0,0
78,35,7,8,0,0,0,1
79,35,7,9,0,0,1,0
80,35,8,0,1,1,0,0
81,35,8,1,0,0,0,0
82,35,8,2,0,0,0,0
83,35,8,3,0,0,1,0
84,35,8,4,0,0,0,0
85,35,8,5,0,0,0,0
86,35,8,6,0,0,0,0
87,35,8,7,0,0,0,0
88,35,8,8,0,0,0,0
89,35,8,9,0,0,1,0
90,35,9,0,1,1,0,0
91,35,9,1,0,0,0,0
92,35,9,2,0,0,0,0
93,35,9,3,0,0,0,0
94,35,9,4,0,0,0,0
95,35,9,5,0,0,0,0
96,35,9,6,0,0,0,0
97,35,9,7,0,0,0,0
98,35,9,8,0,0,0,0
99,35,9,9,0,0,0,0
0,36,0,0,1,1,0,0
1,36,0,1,0,0,0,0
2,36,0,2,0,0,0,0
3,36,0,3,0,0,0,0
4,36,0,4,0,0,0,0
5,36,0,5,0,0,0,0
6,36,0,6,0,0,0,0
7,36,0,7,0,0,0,0
8,36,0,8,0,0,1,0
9,36,0,9,0,0,0,0
10,36,1,0,1,1,0,0
11,36,1,1,0,0,0,0
12,36,1,2,0,0,0,0
13,36,1,3,0,0,0,0
14,36,1,4,0,0,0,0
15,36,1,5,0,0,0,0
16,36,1,6,0,0,0,0
17,36,1,7,0,0,0,0
18,36,1,8,0,0,0,0
19,36,1,9,0,0,0,0
20,36,2,0,1,1,0,0
21,36,2,1,0,0,0,0
22,36,2,2,0,0,0,0
23,36,2,3,0,0,0,0
24,36,2,4,0,0,0,0
25,36,2,5,0,0,0,0
26,36,2,6,0,0,0,0
27,36,2,7,0,0,0,0
28,36,2,8,0,0,0,0
29,36,2,9,0,0,0,0
30,36,3,0,1,1,0,0
31,36,3,1,0,0,0,0
32,36,3,2,0,0,0,0
33,36,3,3,0,0,0,0
34,36,3,4,0,0,0,0
35,36,3,5,0,0,0,0
36,36,3,6,0,0,0,0
37,36,3,7,0,0,0,0
38,36,3,8,0,0,0,0
39,36,3,9,0,0,0,0
40,36,4,0,1,1,0,0
41,36,4,1,0,0,0,0
42,36,4,2,0,0,0,0
43,36,4,3,0,0,0,0
44,36,4,4,0,0,0,0
45,36,4,5,0,0,0,0
46,36,4,6,0,0,0,0
47,36,4,7,0,0,0,0
48,36,4,8,0,0,0,0
49,36,4,9,0,0,0,0
50,36,5,0,1,1,0,0
51,36,5,1,0,0,0,0
52,36,5,2,0,0,0,0
53,36,5,3,0,0,0,0
54,36,5,4,0,0,0,0
55,36,5,5,0,0,0,0
56,36,5,6,0,0,0,0
57,36,5,7,0,0,0,0
58,36,5,8,0,0,0,0
59,36,5,9,0,0,0,0
60,36,6,0,1,1,0,0
61,36,6,1,0,0,0,0
62,36,6,2,0,0,0,0
63,36,6,3,0,0,0,0
64,36,6,4,0,0,0,0
65,36,6,5,0,0,0,0
66,36,6,6,0,0,0,0
67,36,6,7,0,0,0,0
68,36,6,8,0,0,0,0
69,36,6,9,0,0,0,0
70,36,7,0,1,1,0,0
71,36,7,1,0,0,0,0
72,36,7,2,0,0,0,0
73,36,7,3,0,0,0,0
74,36,7,4,0,0,0,0
75,36,7,5,0,0,0,0
76,36,7,6,0,0,0,0
77,36,7,7,0,0,0,0
78,36,7,8,0,0,0,0
79,36,7,9,0,0,0,0
80,36,8,0,1,1,0,0
81,36,8,1,0,0,0,0
82,36,8,2,0,0,0,0
83,36,8,3,0,0,0,0
84,36,8,4,0,0,0,0
85,36,8,5,0,0,0,0
86,36,8,6,0,0,0,0
87,36,8,7,0,0,0,0
88,36,8,8,0,0,0,0
89,36,8,9,0,0,0,0
90,36,9,0,1,1,0,0
91,36,9,1,0,0,0,0
92,36,9,2,0,0,0,0
93,36,9,3,0,0,0,0
94,36,9,4,0,0,0,0
95,36,9,5,0,0,0,0
96,36,9,6,0,0,0,0
97,36,9,7,0,0,0,0
98,36,9,8,0,0,0,0
99,36,9,9,0,0,0,0
0,37,0,0,1,1,0,0
1,37,0,1,0,0,0,0
2,37,0,2,0,0,0,1
3,37,0,3,0,0,0,0
4,37,0,4,0,0,1,0
5,37,0,5,0,0,0,0
6,37,0,6,0,0,0,0
7,37,0,7,0,0,0,0
8,37,0,8,0,0,0,0
9,37,0,9,0,0,0,0
10,37,1,0,1,1,0,0
11,37,1,1,0,0,0,0
12,37,1,2,0,0,0,0
13,37,1,3,0,0,0,0
14,37,1,4,0,0,0,0
15,37,1,5,0,0,0,0
16,37,1,6,0,0,0,0
17,37,1,7,0,0,0,0
18,37,1,8,0,0,0,0
19,37,1,9,0,0,0,0
20,37,2,0,1,1,0,0
21,37,2,1,0,0,0,0
22,37,2,2,0,0,0,0
23,37,2,3,0,0,0,0
24,37,2,4,0,0,0,0
25,37,2,5,0,0,0,0
26,37,2,6,0,0,0,0
27,37,2,7,0,0,0,0
28,37,2,8,0,0,0,0
29,37,2,9,0,0,0,0
30,37,3,0,1,1,0,0
31,37,3,1,0,0,0,0
32,37,3,2,0,0,0,0
33,37,3,3,0,0,0,0
34,37,3,4,0,0,0,0
35,37,3,5,0,0,0,0
36,37,3,6,0,0,0,0
37,37,3,7,0,0,0,0
38,37,3,8,0,0,0,0
39,37,3,9,0,0,0,0
40,37,4,0,1,1,0,0
41,37,4,1,0,0,0,0
42,37,4,2,0,0,0,0
43,37,4,3,0,0,0,0
44,37,4,4,0,0,0,0
45,37,4,5,0,0,0,0
46,37,4,6,0,0,0,0
47,37,4,7,0,0,0,0
48,37,4,8,0,0,0,0
49,37,4,9,0,0,0,0
50,37,5,0,1,1,1,1
51,37,5,1,0,0,0,0
52,37,5,2,0,0,0,1
53,37,5,3,0,0,0,0
54,37,5,4,0,0,1,0
55,37,5,5,0,0,0,0
56,37,5,6,0,0,0,0
57,37,5,7,0,0,0,0
58,37,5,8,0,0,0,0
59,37,5,9,0,0,0,0
60,37,6,0,1,1,0,0
61,37,6,1,0,0,0,0
62,37,6,2,0,0,0,0
63,37,6,3,0,0,0,0
64,37,6,4,0,0,0,0
65,37,6,5,0,0,0,0
66,37,6,6,0,0,0,0
67,37,6,7,0,0,0,0
68,37,6,8,0,0,0,0
69,37,6,9,0,0,0,0
70,37,7,0,1,1,0,0
71,37,7,1,0,0,0,0
72,37,7,2,0,0,0,0
73,37,7,3,0,0,0,0
74,37,7,4,0,0,0,0
75,37,7,5,0,0,0,0
76,37,7,6,0,0,0,0
77,37,7,7,0,0,0,0
78,37,7,8,0,0,0,0
79,37,7,9,0,0,0,0
80,37,8,0,1,1,0,0
81,37,8,1,0,0,0,0
82,37,8,2,0,0,0,0
83,37,8,3,0,0,0,0
84,37,8,4,0,0,0,0
85,37,8,5,0,0,0,0
86,37,8,6,0,0,0,0
87,37,8,7,0,0,0,0
88,37,8,8,0,0,0,0
89,37,8,9,0,0,0,0
90,37,9,0,1,1,0,0
91,37,9,1,0,0,0,0
92,37,9,2,0,0,0,0
93,37,9,3,0,0,0,0
94,37,9,4,0,0,0,0
95,37,9,5,0,0,0,0
96,37,9,6,0,0,0,0
97,37,9,7,0,0,0,0
98,37,9,8,0,0,0,0
99,37,9,9,0,0,0,0
0,38,0,0,1,1,0,0
1,38,0,1,0,0,0,0
2,38,0,2,0,0,0,0
3,38,0,3,0,0,0,0
4,38,0,4,0,0,0,0
5,38,0,5,0,0,0,0
6,38,0,6,0,0,0,0
7,38,0,7,0,0,0,0
8,38,0,8,0,0,0,0
9,38,0,9,0,0,0,0
10,38,1,0,1,1,0,0
11,38,1,1,0,0,0,0
12,38,1,2,0,0,0,0
13,38,1,3,0,0,0,0
14,38,1,4,0,0,0,0
15,38,1,5,0,0,0,0
16,38,1,6,0,0,0,0
17,38,1,7,0,0,0,0
18,38,1,8,0,0,0,0
19,38,1,9,0,0,0,0
20,38,2,0,1,1,0,0
21,38,2,1,0,0,0,0
22,38,2,2,0,0,0,0
23,38,2,3,0,0,0,0
24,38,2,4,0,0,0,0
25,38,2,5,0,0,0,0
26,38,2,6,0,0,0,0
27,38,2,7,0,0,0,0
28,38,2,8,0,0,0,0
29,38,2,9,0,0,0,0
30,38,3,0,1,1,0,0
31,38,3,1,0,0,0,0
32,38,3,2,0,0,0,0
33,38,3,3,0,0,0,0
34,38,3,4,0,0,0,0
35,38,3,5,0,0,0,0
36,38,3,6,0,0,0,0
37,38,3,7,0,0,0,0
38,38,3,8,0,0,0,0
39,38,3,9,0,0,0,0
40,38,4,0,1,1,0,0
41,38,4,1,0,0,0,0
42,38,4,2,0,0,0,0
43,38,4,3,0,0,0,0
44,38,4,4,0,0,0,0
45,38,4,5,0,0,0,0
46,38,4,6,0,0,0,0
47,38,4,7,0,0,0,0
48,38,4,8,0,0,0,0
49,38,4,9,0,0,0,0
50,38,5,0,1,1,0,0
51,38,5,1,0,0,0,0
52,38,5,2,0,0,0,0
53,38,5,3,0,0,0,0
54,38,5,4,0,0,0,0
55,38,5,5,0,0,0,0
56,38,5,6,0,0,0,0
57,38,5,7,0,0,0,0
58,38,5,8,0,0,0,0
59,38,5,9,0,0,0,0
60,38,6,0,1,1,0,0
61,38,6,1,0,0,0,0
62,38,6,2,0,0,0,0
63,38,6,3,0,0,0,0
64,38,6,4,0,0,0,0
65,38,6,5,0,0,0,0
66,38,6,6,0,0,0,0
67,38,6,7,0,0,0,0
68,38,6,8,0,0,0,0
69,38,6,9,0,0,0,0
70,38,7,0,1,1,0,0
71,38,7,1,0,0,0,0
72,38,7,2,0,0,0,0
73,38,7,3,0,0,0,0
74,38,7,4,0,0,0,0
75,38,7,5,0,0,0,0
76,38,7,6,0,0,0,0
77,38,7,7,0,0,0,0
78,38,7,8,0,0,0,0
79,38,7,9,0,0,0,0
80,38,8,0,1,1,0,0
81,38,8,1,0,0,0,0
82,38,8,2,0,0,0,0
83,38,8,3,0,0,0,0
84,38,8,4,0,0,0,0
85,38,8,5,0,0,0,0
86,38,8,6,0,0,0,0
87,38,8,7,0,0,0,0
88,38,8,8,0,0,0,0
89,38,8,9,0,0,0,0
90,38,9,0,1,1,0,0
91,38,9,1,0,0,0,0
92,38,9,2,0,0,0,0
93,38,9,3,0,0,0,0
94,38,9,4,0,0,0,0
95,38,9,5,0,0,0,0
96,38,9,6,0,0,0,0
97,38,9,7,0,0,0,0
98,38,9,8,0,0,0,0
99,38,9,9,0,0,0,0
0,39,0,0,1,1,0,0
1,39,0,1,0,0,0,0
2,39,0,2,0,0,1,0
3,39,0,3,0,0,0,0
4,39,0,4,0,0,0,0
5,39,0,5,0,0,0,1
6,39,0,6,0,0,0,1
7,39,0,7,0,0,0,1
8,39,0,8,0,0,0,0
9,39,0,9,0,0,0,0
10,39,1,0,1,1,0,0
11,39,1,1,0,0,0,0
12,39,1,2,0,0,0,0
13,39,1,3,0,0,0,0
14,39,1,4,0,0,0,0
15,39,1,5,0,0,0,0
16,39,1,6,0,0,0,0
17,39,1,7,0,0,0,0
18,39,1,8,0,0,0,0
19,39,1,9,0,0,0,0
20,39,2,0,1,1,0,0
21,39,2,1,0,0,0,0
22,39,2,2,0,0,0,0
23,39,2,3,0,0,0,0
24,39,2,4,0,0,0,0
25,39,2,5,0,0,0,0
26,39,2,6,0,0,0,0
27,39,2,7,0,0,0,0
28,39,2,8,0,0,0,0
29,39,2,9,0,0,0,0
30,39,3,0,1,1,0,0
31,39,3,1,0,0,0,0
32,39,3,2,0,0,0,0
33,39,3,3,0,0,0,0
34,39,3,4,0,0,0,0
35,39,3,5,0,0,0,0
36,39,3,6,0,0,0,0
37,39,3,7,0,0,0,0
38,39,3,8,0,0,0,0
39,39,3,9,0,0,0,0
40,39,4,0,1,1,0,1
41,39,4,1,0,0,0,0
42,39,4,2,0,0,1,0
43,39,4,3,0,0,0,0
44,39,4,4,0,0,0,0
45,39,4,5,0,0,0,0
46,39,4,6,0,0,0,0
47,39,4,7,0,0,0,0
48,39,4,8,0,0,0,0
49,39,4,9,0,0,0,0
50,39,5,0,1,1,1,0
51,39,5,1,0,0,0,0
52,39,5,2,0,0,1,0
53,39,5,3,0,0,0,0
54,39,5,4,0,0,0,0
55,39,5,5,0,0,0,0
56,39,5,6,0,0,0,1
57,39,5,7,0,0,0,1
58,39,5,8,0,0,0,0
59,39,5,9,0,0,0,0
60,39,6,0,1,1,1,0
61,39,6,1,0,0,0,0
62,39,6,2,0,0,1,0
63,39,6,3,0,0,0,0
64,39,6,4,0,0,0,0
65,39,6,5,0,0,0,1
66,39,6,6,0,0,0,0
67,39,6,7,0,0,0,0
68,39,6,8,0,0,0,0
69,39,6,9,0,0,0,0
70,39,7,0,1,1,1,0
71,39,7,1,0,0,0,0
72,39,7,2,0,0,1,0
73,39,7,3,0,0,0,0
74,39,7,4,0,0,0,0
75,39,7,5,0,0,0,1
76,39,7,6,0,0,0,1
77,39,7,7,0,0,0,0
78,39,7,8,0,0,0,0
79,39,7,9,0,0,0,0
80,39,8,0,1,1,0,0
81,39,8,1,0,0,0,0
82,39,8,2,0,0,0,0
83,39,8,3,0,0,0,0
84,39,8,4,0,0,0,0
85,39,8,5,0,0,0,0
86,39,8,6,0,0,0,0
87,39,8,7,0,0,0,0
88,39,8,8,0,0,0,0
89,39,8,9,0,0,0,0
90,39,9,0,1,1,0,0
91,39,9,1,0,0,0,0
92,39,9,2,0,0,0,0
93,39,9,3,0,0,0,0
94,39,9,4,0,0,0,0
95,39,9,5,0,0,0,0
96,39,9,6,0,0,0,0
97,39,9,7,0,0,0,0
98,39,9,8,0,0,0,0
99,39,9,9,0,0,0,0
